account_id,segment,R,F,M,recency_days,frequency_180d,card_spend_180d,balance_at_period_end
1,Clients réguliers,4,3,3,8,59,804.96,33469.05
2,Clients réguliers,5,3,2,0,64,690.23,24658.84
3,Endormis,1,1,1,525,0,0.0,1783.0
4,Champions,5,4,4,1,91,1238.72,5153.96
5,Épargnants peu actifs,5,2,3,0,50,781.96,11257.81
6,Champions,5,4,5,1,163,3755.21,152.15
8,Champions,5,5,5,1,181,4938.9,3590.8
9,Champions,5,5,5,1,181,3444.25,8605.14
10,Occasionnels,5,2,3,6,53,1232.48,1870.19
11,Champions,5,5,5,2,210,4256.28,1775.23
12,Champions,5,5,4,0,174,2933.99,1703.23
13,Champions,5,5,4,0,183,3258.77,5216.9
14,Épargnants peu actifs,1,1,1,388,0,0.0,3641.65
15,Champions,5,5,5,1,179,3485.86,5501.59
16,Épargnants peu actifs,5,2,3,2,57,734.38,17004.41
17,Épargnants peu actifs,5,2,3,0,49,864.87,28466.48
18,Champions,5,5,5,2,190,3515.48,4810.93
19,Épargnants peu actifs,1,1,1,127,27,251.45,12937.6
21,Champions,5,5,5,0,183,4146.98,653.03
22,Champions,5,5,5,0,186,3553.04,1233.64
23,Clients réguliers,5,3,3,5,62,994.77,14157.4
24,Épargnants peu actifs,5,2,2,2,53,659.78,54568.36
28,Champions,5,5,5,3,173,3840.55,2762.93
29,Champions,5,4,4,4,93,1783.86,13474.28
30,Épargnants peu actifs,1,1,1,293,0,0.0,4022.47
31,Champions,5,5,5,0,173,4565.7,11477.44
32,Champions,5,5,5,0,198,4118.54,4004.13
34,Champions,5,5,5,0,196,4162.35,5880.13
36,Clients réguliers,5,3,3,0,60,1075.33,7907.16
37,Clients réguliers,5,4,3,3,88,1152.91,4170.43
38,Champions,5,5,5,5,183,3791.0,292.58
39,Endormis,1,1,1,339,0,0.0,1000.68
40,Champions,5,5,5,3,193,4063.69,10004.74
42,Champions,5,4,5,0,166,3897.91,2672.26
44,Clients réguliers,5,3,2,0,73,571.47,2946.0
45,Endormis,1,3,4,117,62,1463.86,5069.74
47,À risque,3,4,4,46,134,2171.06,2083.38
50,Clients réguliers,5,3,3,3,69,864.89,7440.2
51,Épargnants peu actifs,5,2,2,7,57,483.87,6604.8
53,Épargnants peu actifs,5,2,3,3,51,762.83,11363.03
55,Champions,5,4,4,1,106,1259.42,5923.16
56,Clients réguliers,5,3,2,0,61,647.03,7911.63
57,Clients réguliers,5,3,3,1,70,713.41,11956.68
58,Champions,5,5,5,0,181,3925.29,1541.42
60,Clients réguliers,5,3,3,6,78,1200.2,2476.73
61,Clients réguliers,5,3,3,0,84,1060.31,16372.33
62,Champions,5,4,4,0,148,2730.9,1438.33
63,Champions,5,4,4,2,154,3107.95,7141.7
66,Champions,5,5,5,0,186,3948.86,6615.46
67,Champions,5,5,5,3,208,5033.27,6.59
68,Champions,5,4,4,1,142,3061.62,7916.7
70,Champions,5,5,5,1,197,4112.97,931.18
71,Champions,5,5,5,2,199,3624.65,7434.62
72,Clients réguliers,5,4,3,0,95,1044.54,5263.38
74,Endormis,1,1,1,463,0,0.0,2091.13
75,Champions,5,5,4,0,176,3163.38,2723.45
76,Champions,5,5,5,0,178,4229.08,6079.04
78,Clients réguliers,5,3,3,2,66,899.88,2003.12
79,Champions,5,5,5,0,202,4181.71,2172.28
80,Endormis,1,1,1,324,0,0.0,227.48
81,Endormis,1,4,4,93,99,2026.33,597.53
82,Champions,5,5,5,1,176,3376.91,444.96
83,Champions,5,5,4,0,180,3199.25,2210.31
84,Épargnants peu actifs,1,1,2,135,21,459.19,17215.81
85,Épargnants peu actifs,1,1,1,448,0,0.0,16333.75
86,Épargnants peu actifs,1,1,1,331,0,0.0,3613.39
87,Champions,5,5,5,0,174,3531.23,4250.92
88,Champions,5,5,5,0,180,3451.41,4459.44
89,Épargnants peu actifs,5,2,2,4,42,561.74,9380.2
90,Endormis,1,1,1,358,0,0.0,200.51
92,Champions,5,4,4,1,87,1270.54,5884.56
93,Clients réguliers,5,3,4,1,83,1441.95,4397.77
94,Champions,5,5,5,1,187,3668.65,956.42
95,Clients réguliers,5,3,2,1,71,677.65,16053.92
96,Épargnants peu actifs,1,1,1,457,0,0.0,3729.66
97,Épargnants peu actifs,1,1,1,169,4,150.5,36415.66
98,Champions,5,5,5,1,179,4000.65,1205.99
99,Épargnants peu actifs,5,2,2,1,43,523.06,16528.0
100,Clients réguliers,5,3,3,3,74,771.17,2639.46
101,Clients réguliers,5,3,3,0,65,917.93,15212.86
102,Champions,5,4,4,2,166,2656.69,4180.89
103,Endormis,1,1,1,325,0,0.0,971.23
104,Épargnants peu actifs,1,2,4,144,40,1271.45,5153.77
105,Endormis,1,1,1,226,0,0.0,2317.47
107,Champions,5,4,5,4,160,3937.85,4107.87
108,Épargnants peu actifs,1,1,1,210,0,0.0,3198.46
110,Clients réguliers,5,3,2,3,81,613.51,13478.59
111,Champions,5,4,5,3,160,4208.43,2197.36
112,Clients réguliers,5,4,3,5,87,1204.28,13462.26
113,Épargnants peu actifs,1,1,1,262,0,0.0,7312.34
116,Épargnants peu actifs,4,2,2,12,40,700.35,42889.68
117,Champions,5,5,5,1,211,4319.92,2262.74
120,Champions,5,5,4,0,171,2376.04,1887.0
121,Clients réguliers,5,4,3,1,101,1067.41,8281.85
123,Champions,5,5,5,0,208,4822.58,3077.33
124,Champions,5,4,4,0,148,3210.93,5028.19
125,Champions,5,4,4,7,87,1459.46,7191.98
126,Champions,5,5,5,6,178,4790.11,17907.7
127,Clients réguliers,5,3,2,2,71,683.86,835.84
130,Clients réguliers,5,4,3,3,102,837.7,3217.79
132,Épargnants peu actifs,1,1,1,209,0,0.0,3164.21
133,Épargnants peu actifs,4,2,2,11,56,445.26,11100.26
134,Clients réguliers,5,3,3,1,61,1156.53,29309.34
135,Clients réguliers,5,3,4,0,59,1377.75,8413.67
136,Champions,5,5,5,0,188,3918.4,374.17
137,Endormis,1,1,1,380,0,0.0,2419.86
139,Épargnants peu actifs,3,2,2,32,41,620.98,11459.73
140,Champions,5,4,4,1,93,1240.9,1997.38
141,Champions,5,5,5,0,195,6334.66,424.46
143,Champions,5,5,5,0,206,4375.33,2295.56
144,Endormis,1,1,1,420,0,0.0,1902.29
145,Champions,5,5,5,0,199,3760.12,792.35
146,Épargnants peu actifs,1,1,1,249,0,0.0,4351.36
147,Clients réguliers,5,3,2,0,59,562.52,22748.41
148,Champions,5,4,4,0,89,1561.46,12040.71
149,Occasionnels,5,2,2,6,56,692.92,2201.91
150,Clients réguliers,5,3,1,3,67,230.92,31202.54
151,Champions,5,4,5,7,157,4583.27,6899.79
152,Champions,5,5,5,0,190,3819.35,2597.38
153,Endormis,1,1,1,426,0,0.0,268.15
154,Épargnants peu actifs,1,1,2,137,13,360.69,3437.61
155,Champions,5,5,5,3,209,3863.31,1916.17
156,Endormis,1,1,1,423,0,0.0,109.46
157,Clients réguliers,5,3,4,6,78,1669.72,2831.31
158,Champions,5,5,5,0,202,4618.79,1869.14
159,Champions,5,5,5,0,178,4844.72,1400.05
160,Champions,5,5,5,1,209,4321.85,500.07
161,Champions,5,4,5,2,169,3564.61,1344.34
163,Clients réguliers,5,3,2,0,73,341.71,23663.68
165,Épargnants peu actifs,5,2,1,1,41,219.76,6608.89
166,Épargnants peu actifs,1,1,1,307,0,0.0,12892.89
167,Champions,5,5,5,1,208,3804.0,1150.05
168,Endormis,1,1,1,350,0,0.0,1837.74
169,Clients réguliers,5,4,3,2,104,849.63,2023.14
170,Champions,5,4,5,3,166,4487.23,931.93
171,Endormis,1,1,1,382,0,0.0,937.74
173,Champions,5,4,4,1,85,1282.8,6664.77
174,Champions,5,5,5,1,188,4270.85,3598.81
175,Endormis,1,2,2,138,36,689.69,1847.22
177,Endormis,1,1,1,245,0,0.0,1395.86
178,Champions,5,5,5,0,178,5275.47,543.7
179,Champions,5,4,5,1,154,3602.87,1369.44
180,Champions,5,5,5,1,200,4344.44,1785.16
184,Champions,5,5,5,1,190,5044.05,682.95
187,Champions,5,4,5,2,164,4779.91,11972.23
188,Endormis,1,1,1,267,0,0.0,2317.31
189,Champions,5,5,5,2,180,4705.74,1682.68
190,Endormis,1,1,1,285,0,0.0,927.17
192,Clients réguliers,4,3,3,9,66,768.23,27274.28
193,Champions,5,4,4,3,92,1540.85,2260.53
194,Champions,5,5,5,0,209,3723.48,963.91
195,Épargnants peu actifs,5,2,3,1,53,779.01,12015.16
196,Clients réguliers,5,4,3,1,85,1068.22,1368.63
199,Clients réguliers,5,3,3,2,84,1064.59,19891.79
200,Épargnants peu actifs,1,1,1,396,0,0.0,4809.1
201,Clients réguliers,5,3,2,4,60,489.44,23425.89
202,Champions,5,5,5,1,189,4082.64,51.28
203,Clients réguliers,4,3,3,9,70,988.94,5864.98
204,Endormis,1,1,1,364,0,0.0,1991.72
205,Clients réguliers,5,3,3,0,78,976.71,3704.31
206,Endormis,1,1,1,366,0,0.0,1778.76
209,Champions,5,5,5,0,199,3403.08,510.4
210,Clients réguliers,5,3,3,1,61,750.05,1161.89
211,Champions,5,5,5,0,203,4919.4,897.08
212,Champions,5,5,5,1,183,3587.52,5673.35
214,Clients réguliers,5,3,3,3,76,918.62,9962.7
215,Endormis,1,1,1,332,0,0.0,2497.96
216,Épargnants peu actifs,1,1,1,283,0,0.0,6877.22
217,Champions,5,5,5,0,191,3989.32,1041.3
218,Champions,5,4,4,0,88,1276.73,3026.71
219,Clients réguliers,4,3,3,11,73,959.08,2344.61
220,Clients réguliers,5,4,3,0,103,968.77,2786.68
221,Clients réguliers,5,4,3,0,119,1097.92,2854.45
222,Clients réguliers,4,3,3,22,59,703.69,28898.5
223,Clients réguliers,5,4,3,1,88,1108.75,3794.28
224,Endormis,1,1,1,204,0,0.0,432.32
227,Champions,5,5,5,0,213,4234.75,194.17
228,Clients réguliers,5,3,3,0,79,919.56,6472.03
230,Champions,5,4,5,0,165,4128.08,1155.62
232,Endormis,1,1,2,156,24,538.58,2446.22
233,Endormis,1,1,1,322,0,0.0,1501.26
234,Champions,5,4,4,1,125,1323.47,264.13
235,Épargnants peu actifs,5,2,2,1,53,372.46,10301.25
236,Épargnants peu actifs,1,1,1,283,0,0.0,3280.87
238,Clients réguliers,5,3,3,0,81,1130.19,1069.03
239,Champions,5,5,5,0,176,3873.01,347.11
241,Champions,5,5,5,1,175,4828.01,2308.82
242,Champions,5,5,5,1,182,3822.38,1364.62
245,Clients réguliers,5,3,2,1,75,661.78,1146.43
247,Champions,5,4,4,2,93,1284.74,15688.37
248,Clients réguliers,5,3,3,4,72,942.14,8950.79
249,Épargnants peu actifs,2,2,2,75,58,564.2,4759.2
250,Clients réguliers,5,4,3,1,85,1048.16,3827.08
251,Champions,5,4,5,0,166,3954.58,3106.02
252,Clients réguliers,5,3,4,4,82,1358.49,3461.9
253,Clients réguliers,5,3,3,0,70,1111.75,694.66
255,Endormis,1,1,1,322,0,0.0,1467.54
256,Clients réguliers,5,3,4,0,84,1360.94,828.16
257,Clients réguliers,5,4,3,0,88,739.18,1030.82
258,Clients réguliers,5,3,3,3,77,867.02,5248.33
259,Champions,5,4,4,1,119,2190.98,2127.31
261,Endormis,1,1,1,263,0,0.0,1656.27
262,Champions,5,5,5,1,178,3984.89,3563.51
263,Champions,5,5,5,0,194,3544.81,1839.23
264,Clients réguliers,4,3,4,9,84,1289.39,3856.74
265,Champions,5,5,5,1,172,3560.22,234.02
266,Champions,5,4,4,0,153,3210.08,1600.56
267,Champions,5,5,4,1,202,2908.18,1992.57
268,Champions,5,4,4,5,93,1346.71,13495.39
269,Épargnants peu actifs,4,2,2,15,53,649.84,17897.01
271,Champions,5,5,5,1,175,3907.52,885.81
272,Endormis,1,1,1,192,0,0.0,638.36
273,Clients réguliers,5,3,3,4,78,794.68,27148.83
274,Champions,5,5,4,2,174,3246.63,1971.28
275,Clients réguliers,5,3,2,1,81,685.25,5741.02
276,Champions,5,5,4,0,196,2961.95,4345.32
277,Champions,5,5,5,0,171,3947.08,1123.48
278,Champions,5,5,5,0,184,4023.92,415.93
279,Champions,5,5,5,1,189,5458.02,3430.72
280,Champions,5,5,5,0,195,4358.72,182.81
282,Clients réguliers,5,3,2,3,70,576.78,1450.58
283,Champions,5,4,5,2,166,4301.29,2115.92
284,Clients réguliers,5,3,3,3,76,813.61,3379.54
285,Endormis,1,1,1,197,0,0.0,1386.11
286,Épargnants peu actifs,5,2,3,0,56,1181.2,10187.05
287,Champions,5,5,5,0,175,4112.14,998.45
288,Champions,5,5,5,1,173,3756.42,365.22
289,Champions,5,5,5,0,193,3773.07,12417.69
290,Endormis,1,1,1,321,0,0.0,94.95
291,Champions,5,5,5,3,191,4145.59,1064.49
292,Champions,5,5,5,2,203,3973.52,190.22
293,Champions,5,5,4,0,172,3089.38,488.52
295,Champions,5,5,4,3,171,3253.34,479.85
296,Clients réguliers,5,3,3,0,72,830.24,1135.46
297,Clients réguliers,5,3,2,6,60,530.04,12290.3
299,Champions,5,4,4,0,154,3258.9,2421.5
300,Épargnants peu actifs,5,2,2,5,54,576.47,16071.92
301,Clients réguliers,5,4,3,2,93,947.28,6806.82
304,Champions,5,4,4,1,97,1257.66,3065.59
305,Champions,5,5,5,1,184,3598.96,215.49
306,Épargnants peu actifs,1,1,1,209,0,0.0,20491.96
307,Champions,5,5,5,2,187,4149.34,1160.44
309,Épargnants peu actifs,5,2,3,7,48,993.09,24028.57
310,Champions,5,5,5,0,183,4793.24,1165.65
311,Champions,5,5,4,0,197,3158.71,261.87
312,Clients réguliers,5,3,3,0,74,943.52,3637.61
313,Clients réguliers,4,4,3,11,94,1124.76,1779.46
314,Clients réguliers,5,3,3,7,71,778.97,6887.46
315,Épargnants peu actifs,1,2,1,119,42,282.66,4367.8
316,Champions,5,5,5,0,205,4010.11,2696.01
317,Champions,5,5,5,0,215,5142.02,1681.07
318,Champions,5,5,5,1,205,3995.25,47.85
319,Clients réguliers,5,3,2,5,66,615.0,13227.32
321,Champions,5,5,5,0,208,4244.7,313.24
322,Champions,5,4,4,0,116,1505.92,684.19
323,Clients réguliers,5,3,3,2,71,794.66,1452.25
328,Épargnants peu actifs,5,2,2,0,54,531.61,18626.54
329,Épargnants peu actifs,5,2,2,0,53,492.16,23741.15
330,Champions,5,4,5,5,161,4211.66,18.33
331,Champions,5,5,5,4,185,3359.31,987.62
332,Champions,5,5,5,0,193,4388.95,190.35
333,Épargnants peu actifs,1,1,1,106,24,250.52,7367.56
334,Champions,5,5,5,0,180,3513.5,947.13
335,Champions,5,5,5,4,182,3779.75,979.26
336,Champions,5,4,5,1,163,3433.64,2445.28
339,Clients réguliers,4,3,2,8,63,379.96,24996.4
342,Champions,5,5,5,0,189,4587.69,2412.31
345,Champions,5,5,5,0,187,3606.11,239.98
346,Clients réguliers,4,3,4,13,63,1711.21,1191.12
349,Endormis,1,1,1,248,0,0.0,2586.98
350,Clients réguliers,5,3,4,6,61,1402.73,903.06
351,Champions,4,4,4,8,96,1551.04,1643.1
352,Champions,5,4,5,0,161,3418.83,2233.08
353,Endormis,1,1,1,234,0,0.0,757.35
354,Clients réguliers,5,3,3,2,74,1170.47,25846.02
355,Champions,5,5,5,2,197,3734.5,858.07
356,Champions,5,4,4,1,114,1424.0,5757.21
357,Champions,5,5,5,3,186,4431.76,3172.32
358,Clients réguliers,5,3,3,0,78,764.02,4062.54
359,Champions,5,5,4,0,180,3163.09,4828.99
360,Champions,5,4,4,5,88,1381.86,3064.22
361,Endormis,1,1,1,169,5,129.11,278.51
362,Champions,5,4,5,0,165,3888.68,2777.33
364,Champions,5,4,5,6,168,3367.98,198.47
365,Clients réguliers,5,3,2,1,64,567.59,1742.88
366,Clients réguliers,5,3,2,4,79,625.84,4905.12
367,Épargnants peu actifs,1,1,1,302,0,0.0,3037.67
368,Endormis,1,1,1,311,0,0.0,579.69
369,Épargnants peu actifs,5,2,2,5,50,415.93,14460.43
370,Clients réguliers,5,4,3,5,94,853.77,2031.41
372,Clients réguliers,4,3,2,22,68,666.56,15420.78
373,Clients réguliers,5,3,3,1,65,820.65,4309.35
374,Clients réguliers,5,4,3,3,85,1185.18,1491.49
375,Champions,5,5,4,1,180,2943.2,1002.73
376,Endormis,1,1,1,303,0,0.0,1459.72
377,Champions,5,5,5,0,184,5061.15,3320.32
378,Épargnants peu actifs,5,2,3,1,58,724.76,18679.11
379,Clients réguliers,5,3,3,0,62,851.53,192.02
380,Champions,5,5,4,4,179,3194.78,1520.59
384,Champions,5,5,4,0,183,3004.85,638.71
385,Épargnants peu actifs,5,2,2,1,52,667.76,10040.49
386,Champions,5,5,5,0,221,4713.68,1119.15
387,Clients réguliers,5,3,3,1,72,713.88,405.17
390,Clients réguliers,5,3,3,4,77,929.94,5945.07
391,Clients réguliers,5,3,4,2,67,1258.03,2825.61
392,Occasionnels,5,2,3,2,52,964.22,2453.26
393,Endormis,1,1,1,290,0,0.0,21.43
394,Clients réguliers,4,4,3,10,90,1112.97,2438.32
395,Clients réguliers,5,3,3,4,78,722.6,2103.61
397,Endormis,1,1,1,299,0,0.0,858.86
398,Champions,5,5,5,1,190,3808.48,98.56
402,Champions,5,5,5,1,210,5521.61,131.72
403,Champions,5,5,5,0,188,4338.26,1705.68
404,Clients réguliers,5,4,3,0,97,1157.16,2458.65
405,Épargnants peu actifs,4,2,2,10,33,445.2,6903.73
406,Champions,5,5,4,0,183,2932.13,1385.47
408,Champions,5,5,4,2,182,3289.17,343.26
409,Clients réguliers,5,3,3,1,71,986.88,29274.7
410,Clients réguliers,5,3,3,0,64,810.04,4276.17
411,Champions,5,4,5,2,164,3707.6,225.97
412,Clients réguliers,5,3,3,0,79,984.66,18314.76
413,Endormis,1,1,1,297,0,0.0,1337.41
414,Endormis,1,1,1,149,10,102.69,434.24
415,Champions,5,5,5,1,186,3481.59,2293.98
417,Champions,5,5,5,5,195,4578.12,958.66
418,Champions,5,5,5,0,175,4988.7,1050.5
419,Clients réguliers,5,3,3,0,65,815.97,6053.17
420,Champions,5,4,4,0,139,3237.02,862.84
421,Endormis,1,1,1,157,10,169.56,1011.68
422,Endormis,1,1,1,344,0,0.0,129.64
423,Champions,5,4,5,0,166,3410.23,406.37
424,Champions,5,5,5,0,179,4103.02,582.67
425,Champions,5,5,5,0,179,5155.43,141.81
426,Champions,5,4,4,5,88,1697.82,7899.72
427,Endormis,1,1,1,169,3,0.0,3.89
429,Champions,5,5,5,3,181,3419.73,225.48
430,Épargnants peu actifs,5,2,2,3,56,555.32,11565.04
431,Champions,5,5,4,0,177,2697.17,517.01
432,Clients réguliers,5,3,3,2,71,941.21,10285.87
433,Champions,5,4,4,0,147,3023.94,1945.41
434,Clients réguliers,5,3,3,4,59,864.43,5229.57
435,Clients réguliers,5,3,2,1,71,677.87,301.61
436,Endormis,1,1,1,299,0,0.0,2153.61
437,Clients réguliers,5,3,3,1,65,752.38,8844.98
438,Clients réguliers,5,3,1,2,67,196.27,305.46
439,Champions,5,4,5,0,166,4004.88,1312.39
440,Épargnants peu actifs,4,2,2,15,50,578.08,9967.57
441,Endormis,1,1,1,214,0,0.0,510.7
443,Clients réguliers,5,3,4,1,75,1251.97,6110.82
444,Champions,5,4,4,2,97,1618.01,2027.66
445,Endormis,1,1,1,167,5,0.0,5.77
446,Clients réguliers,5,3,3,1,76,977.93,1736.92
447,Clients réguliers,5,3,2,1,78,696.99,1827.84
449,Champions,5,4,4,1,97,1466.33,631.57
450,Endormis,1,2,3,104,46,1058.11,1858.78
451,Épargnants peu actifs,5,2,3,6,57,947.7,22452.5
454,Clients réguliers,5,3,3,1,81,1237.07,538.88
455,Occasionnels,4,2,2,23,43,410.19,1782.81
457,Champions,5,4,4,0,158,2564.96,211.71
458,Clients réguliers,5,3,2,6,63,584.47,22194.98
459,Champions,5,5,5,1,186,4695.77,1019.17
461,Épargnants peu actifs,5,2,2,6,54,393.62,6138.34
462,Épargnants peu actifs,1,1,1,172,3,72.96,5999.79
463,Champions,5,4,4,1,96,1347.48,1652.37
465,Clients réguliers,4,3,2,8,64,631.69,7715.15
466,Clients réguliers,5,3,3,0,78,1148.74,1281.71
467,Endormis,1,1,1,304,0,0.0,247.57
469,Champions,5,5,4,1,197,3192.44,801.9
470,Clients réguliers,5,4,3,4,101,1116.27,2229.88
472,Champions,5,5,5,1,213,4755.01,736.21
473,Endormis,1,3,3,110,80,1193.29,1394.23
474,Endormis,1,1,1,110,26,239.72,359.37
476,Champions,5,4,4,5,87,1262.28,745.1
477,Clients réguliers,5,3,3,2,70,925.89,12076.33
478,Champions,5,5,5,0,186,5399.12,632.55
481,Clients réguliers,5,3,3,1,79,1010.97,4417.66
482,Champions,5,5,5,0,197,4713.83,468.24
483,Épargnants peu actifs,4,2,2,11,53,535.89,12682.11
484,Champions,5,5,4,0,180,2553.9,775.26
486,Champions,5,5,5,0,189,4055.92,1934.19
487,Endormis,1,1,1,309,0,0.0,936.72
488,Champions,5,4,4,4,93,1582.49,2970.67
489,Champions,5,5,5,0,180,3740.69,4858.62
490,Champions,5,5,5,1,183,3687.24,2430.2
491,Champions,5,4,5,0,162,3636.29,1665.25
492,Endormis,1,1,1,238,0,0.0,3.71
495,Épargnants peu actifs,5,2,2,2,58,629.63,21898.58
496,Épargnants peu actifs,5,2,3,1,51,916.89,3079.1
498,Clients réguliers,5,4,3,1,93,904.11,3694.06
499,Épargnants peu actifs,5,2,1,3,38,263.17,8154.83
501,Endormis,1,1,1,178,1,30.1,2425.48
503,Champions,5,5,5,0,202,4680.38,411.29
504,Champions,5,5,4,1,190,3242.66,2997.0
506,Champions,5,4,4,3,167,3207.28,1214.79
507,Champions,5,5,5,1,189,3572.59,1564.83
508,Épargnants peu actifs,5,2,4,0,50,1300.45,5247.17
509,Champions,5,5,4,0,184,3060.94,38.25
510,Épargnants peu actifs,4,2,2,13,53,638.62,8680.93
511,Champions,5,4,4,0,163,2857.51,585.22
512,Champions,5,5,5,1,178,4391.72,637.13
513,Champions,5,5,4,2,193,2977.67,311.56
514,Clients réguliers,5,3,4,0,79,1358.49,300.59
519,Occasionnels,5,2,3,4,57,708.02,0.77
520,Endormis,1,1,1,293,0,0.0,232.57
521,Champions,5,5,5,1,195,4688.47,8.93
522,Champions,5,4,4,0,164,2803.06,3.29
523,Champions,5,5,5,0,202,4584.98,607.72
525,Clients réguliers,5,3,3,0,78,839.76,1427.98
526,Champions,5,4,4,4,86,1255.18,2083.93
527,Champions,5,5,4,0,176,3079.59,1641.14
529,Champions,5,5,5,0,202,3842.74,17.38
530,Champions,5,4,4,2,163,2855.36,706.39
531,Champions,5,5,5,1,198,3943.37,505.03
532,Clients réguliers,5,3,3,6,63,947.25,12213.04
533,Clients réguliers,5,3,2,1,72,675.31,10428.89
534,Champions,5,5,4,1,185,3270.56,153.97
538,Champions,5,5,5,0,188,3736.57,1174.84
539,Clients réguliers,5,3,3,1,72,855.9,407.05
540,Endormis,1,1,1,197,0,0.0,1032.17
541,Champions,5,5,5,0,196,5159.2,393.36
542,Clients réguliers,5,3,4,1,65,1429.98,4223.72
545,Clients réguliers,5,4,3,0,85,904.92,3898.25
546,Clients réguliers,4,3,4,11,73,1369.46,1964.51
547,Champions,5,5,5,1,193,3768.81,497.92
548,Champions,5,5,5,0,188,3825.87,1096.21
549,Épargnants peu actifs,4,2,2,8,44,562.47,4076.53
550,Clients réguliers,5,4,3,0,89,913.45,606.74
551,Épargnants peu actifs,5,2,2,3,32,629.39,6640.61
552,Champions,5,5,5,1,192,4203.83,500.5
553,Clients réguliers,5,4,3,6,85,1030.73,3258.17
556,Clients réguliers,5,3,3,3,78,946.39,6703.01
557,Champions,5,4,4,1,159,2601.81,190.76
558,Champions,5,5,5,0,185,3716.82,2152.6
559,Champions,5,4,5,0,158,3631.09,87.21
560,Champions,5,4,4,2,159,2731.23,2302.55
561,Champions,5,5,4,0,174,3171.34,1279.95
562,Épargnants peu actifs,1,1,1,248,0,0.0,4304.55
563,Endormis,1,1,1,295,0,0.0,1821.26
564,Champions,5,5,5,0,204,4032.25,735.39
565,Épargnants peu actifs,1,1,1,142,15,133.88,5268.11
566,Clients réguliers,5,3,2,1,63,431.52,13142.58
567,Épargnants peu actifs,1,1,1,232,0,0.0,15170.68
568,Champions,5,5,5,1,196,3489.38,631.57
569,Endormis,1,1,1,228,0,0.0,235.83
570,Clients réguliers,5,4,3,0,103,886.36,5631.93
572,Épargnants peu actifs,2,2,2,63,45,446.36,4912.64
573,Endormis,1,1,1,240,0,0.0,77.76
574,Clients réguliers,5,3,2,6,68,586.79,12601.37
576,Champions,5,5,5,0,189,4104.16,70.42
577,Clients réguliers,5,3,3,3,80,875.72,15596.66
578,Épargnants peu actifs,4,2,3,19,43,862.55,2799.25
579,Champions,5,4,5,0,166,4154.01,702.57
580,Champions,5,5,5,2,180,3765.99,585.57
581,Épargnants peu actifs,5,2,2,1,58,479.11,12601.85
582,Clients réguliers,5,3,3,0,73,1205.29,4280.71
584,Clients réguliers,5,4,3,2,85,848.01,1446.55
585,Endormis,1,1,1,216,0,0.0,1412.06
586,Endormis,1,1,1,204,0,0.0,141.83
587,Occasionnels,5,2,3,1,47,743.57,1984.43
588,Champions,5,5,5,2,204,3525.72,686.12
589,Champions,5,5,5,0,196,4443.7,1011.24
590,Champions,5,4,5,1,167,3625.67,1081.24
591,Champions,5,5,5,1,177,3915.11,861.06
592,Champions,5,5,4,0,179,3199.61,1245.35
593,Clients réguliers,5,3,4,0,82,1346.05,1824.77
594,Champions,5,5,5,0,200,5070.27,10.78
595,À risque,2,4,4,69,124,2900.59,20.34
596,Épargnants peu actifs,5,2,2,2,44,362.5,9199.19
597,Clients réguliers,5,3,3,3,76,742.93,265.31
599,Épargnants peu actifs,5,2,2,4,47,566.54,18628.32
600,Champions,5,5,5,1,174,3400.97,1289.06
601,Champions,5,5,5,0,177,4454.51,1577.81
602,Épargnants peu actifs,1,1,1,258,0,0.0,2781.67
603,Endormis,1,1,2,130,26,344.4,994.45
604,Champions,5,5,5,0,206,5108.62,310.99
605,Occasionnels,4,1,1,9,12,212.49,1104.51
606,Clients réguliers,5,4,3,3,91,1088.49,4511.81
608,Épargnants peu actifs,5,2,3,2,45,1148.06,6798.94
609,Champions,5,5,5,1,173,4268.76,491.3
610,Clients réguliers,5,3,2,3,66,353.09,6584.91
611,Champions,5,5,4,0,177,3053.49,3091.9
614,Champions,5,4,5,0,156,3381.97,421.88
615,Champions,5,5,5,1,194,4510.96,1500.07
616,Occasionnels,5,2,3,0,43,918.5,200.91
618,Champions,5,5,4,6,191,2417.57,870.75
619,Champions,5,5,4,0,189,2995.36,316.95
620,Champions,5,5,5,1,178,4376.47,1372.98
621,Champions,5,5,4,0,175,3271.6,242.93
622,Épargnants peu actifs,5,2,3,1,55,918.69,9051.66
624,Champions,5,5,4,0,174,3012.34,506.52
626,Champions,5,5,5,0,194,4339.4,1329.19
627,Épargnants peu actifs,1,1,1,184,0,0.0,3848.77
628,Clients réguliers,5,3,3,2,78,872.55,4585.21
629,Champions,5,5,4,1,203,3327.06,632.23
630,Endormis,1,1,1,258,0,0.0,1427.27
632,Champions,5,5,5,2,181,3813.66,9.34
633,Clients réguliers,5,3,2,2,62,620.37,396.35
635,Occasionnels,5,2,3,1,45,797.74,1824.93
636,Épargnants peu actifs,5,2,2,2,56,563.16,10250.13
637,Clients réguliers,5,3,2,2,61,325.82,1849.18
638,Champions,5,5,5,1,181,3858.91,425.42
639,Champions,5,5,4,0,171,3311.56,41.45
640,Clients réguliers,5,4,3,3,96,726.53,1383.28
641,Champions,5,5,5,0,174,4468.61,1247.25
642,Champions,5,4,4,1,91,1503.15,912.88
643,Clients réguliers,5,4,3,1,90,837.46,1585.77
644,Champions,5,4,5,2,165,3936.4,1334.99
645,Champions,5,5,4,1,188,3123.42,1306.81
646,Épargnants peu actifs,5,2,2,7,46,390.99,6730.17
647,Champions,5,4,5,3,170,4350.86,1531.07
648,Clients réguliers,5,3,3,3,69,786.89,5247.7
649,Champions,5,5,5,2,182,3789.98,465.6
650,Champions,5,4,4,2,165,3289.6,7372.81
651,Clients réguliers,5,3,3,0,84,887.39,1512.51
652,Clients réguliers,5,4,3,1,88,1166.89,979.16
653,Champions,5,4,4,3,162,3248.44,339.74
655,Endormis,1,1,1,178,3,43.99,1667.9
656,Clients réguliers,5,3,4,1,74,1295.2,8749.16
657,Champions,5,5,4,0,173,3120.94,2858.98
658,Endormis,1,1,1,130,9,35.67,340.56
659,Clients réguliers,5,4,3,1,97,1168.91,4094.24
660,Épargnants peu actifs,4,2,3,18,39,1222.15,2635.85
662,Champions,5,4,4,6,143,3319.38,684.13
663,Champions,5,5,5,0,175,3960.25,350.46
664,Champions,5,5,4,0,171,3065.18,2702.31
666,Clients réguliers,5,3,3,5,63,1082.51,4215.79
667,Clients réguliers,5,4,3,1,87,832.6,310.12
668,Endormis,1,1,2,128,15,513.92,827.13
669,Champions,5,4,4,1,157,3068.03,619.64
670,Clients réguliers,5,4,3,2,100,958.89,2015.48
671,Clients réguliers,5,3,3,5,74,802.05,3514.59
672,Clients réguliers,5,3,2,2,74,407.53,13285.02
673,À risque,2,4,4,71,108,2192.62,1041.23
674,Champions,5,5,5,1,187,3888.69,1.33
676,Champions,5,5,5,2,189,3710.48,453.24
677,Champions,5,5,4,1,186,3339.98,335.73
678,Champions,5,5,4,4,179,3089.89,901.34
679,Champions,5,5,4,1,180,2838.66,1164.54
680,Épargnants peu actifs,5,2,2,0,57,554.12,35820.43
682,Épargnants peu actifs,5,2,2,0,47,460.94,9268.06
683,Endormis,1,2,1,114,39,153.69,2203.52
685,Occasionnels,5,2,3,1,53,859.55,230.23
686,Champions,5,5,5,0,178,3725.22,428.82
687,Champions,5,4,4,0,91,1488.79,3133.63
688,Endormis,1,1,2,124,25,409.75,264.41
689,Champions,5,4,5,2,167,5246.9,95.75
690,Épargnants peu actifs,5,2,2,0,47,469.8,7720.1
691,À risque,2,3,3,63,71,1094.7,3715.15
692,Clients réguliers,4,3,3,8,67,726.18,7844.37
693,Champions,5,5,5,0,188,3699.09,118.04
694,Épargnants peu actifs,4,2,3,12,33,858.89,11820.11
695,Champions,5,4,4,0,86,1323.13,1587.39
696,Épargnants peu actifs,5,2,3,4,55,831.0,6349.95
697,Champions,5,4,4,1,143,2652.54,1739.8
698,Champions,5,4,5,1,159,3452.86,85.09
699,Épargnants peu actifs,5,2,2,0,46,389.08,9679.81
700,Champions,5,5,4,0,188,3145.7,3109.28
702,Clients réguliers,5,3,3,3,83,1089.12,2604.57
703,Clients réguliers,5,3,2,0,76,664.24,281.8
704,Épargnants peu actifs,4,2,3,8,58,974.0,11832.29
705,Champions,5,5,5,0,173,3435.07,128.23
706,Clients réguliers,4,3,2,11,61,450.25,6324.75
708,Champions,5,5,5,3,183,4209.46,258.35
710,Endormis,1,1,1,218,0,0.0,1780.1
711,Épargnants peu actifs,5,2,2,2,53,628.4,4910.31
712,Champions,5,5,5,0,180,4461.47,0.76
713,Clients réguliers,5,3,3,5,74,1213.5,2160.83
714,Clients réguliers,5,3,2,1,66,661.24,371.13
715,Champions,5,4,5,0,157,3995.6,639.81
718,Champions,5,4,4,1,89,1468.73,1105.44
720,Champions,5,5,5,0,178,3636.19,195.16
721,Champions,5,5,4,0,177,3104.63,45.76
722,Clients réguliers,5,3,3,3,74,760.77,2140.01
723,Champions,5,5,5,0,195,3691.24,359.13
724,Occasionnels,5,2,2,2,34,410.44,1928.56
725,Clients réguliers,5,3,3,0,59,943.47,9567.61
726,Champions,5,5,4,0,187,3255.99,1736.88
727,Occasionnels,4,1,2,14,17,341.0,474.0
729,Champions,5,5,5,0,189,4384.36,1330.65
731,Champions,5,4,4,0,85,1346.74,92.44
732,Champions,5,4,5,1,164,3480.1,689.28
733,Champions,5,5,5,2,187,3910.65,961.22
734,Clients réguliers,5,3,2,0,65,487.12,11066.88
735,Champions,5,4,4,1,86,1585.55,4389.43
736,Clients réguliers,5,4,3,6,107,914.34,488.88
737,Épargnants peu actifs,5,2,2,4,56,486.36,4238.64
738,Endormis,1,1,1,246,0,0.0,766.67
739,Champions,5,5,4,0,198,3348.07,668.9
740,Épargnants peu actifs,5,2,2,2,50,624.56,9030.44
741,Endormis,1,1,1,223,0,0.0,390.68
742,Clients réguliers,5,3,3,2,76,976.44,2232.11
743,Clients réguliers,5,4,3,1,99,1083.44,3728.69
745,Clients réguliers,5,3,2,7,71,687.87,14676.9
746,Clients réguliers,5,3,3,6,66,855.15,4252.68
747,Champions,5,4,5,0,167,4407.95,1212.09
748,Champions,5,5,5,3,179,3772.26,1007.2
749,Champions,5,4,4,1,167,2886.32,970.91
750,Champions,5,5,5,1,195,3823.7,154.25
751,Épargnants peu actifs,5,2,2,2,48,485.07,27720.94
753,Champions,5,4,4,0,96,1348.57,1370.25
754,Clients réguliers,5,3,4,2,79,1480.84,1817.14
755,Épargnants peu actifs,4,1,2,18,23,352.12,3997.88
756,Occasionnels,5,2,2,0,57,446.32,262.46
758,Champions,5,5,4,1,186,3197.79,2466.14
759,Champions,5,5,5,0,185,3479.6,9.61
760,Épargnants peu actifs,1,1,1,165,3,67.13,2854.98
762,Champions,5,5,5,0,184,3403.31,383.4
764,Clients réguliers,4,3,2,10,75,558.97,184.69
765,Champions,5,5,5,0,185,3924.85,892.23
766,Champions,5,5,4,1,180,3207.99,800.31
767,Endormis,1,1,1,183,0,0.0,114.96
768,Clients réguliers,4,4,2,10,88,701.52,4580.91
769,Champions,5,5,5,0,171,3700.51,1338.88
770,Champions,5,5,4,4,188,3346.04,236.64
772,À risque,2,2,1,75,39,223.4,425.01
773,Champions,5,5,5,1,187,4176.32,1443.9
775,Champions,5,4,5,0,163,4004.95,1132.18
776,Champions,5,4,5,0,170,3926.73,1312.55
777,Clients réguliers,5,3,2,1,62,562.54,6202.29
778,À risque,3,3,3,55,64,835.57,11.64
779,À risque,2,2,2,75,56,637.22,757.39
780,Épargnants peu actifs,5,2,2,1,51,574.59,10115.63
781,Clients réguliers,5,3,2,4,82,604.4,310.72
782,Clients réguliers,4,3,2,11,69,593.37,11548.06
783,Épargnants peu actifs,5,2,3,1,55,826.8,19155.81
784,Clients réguliers,5,3,2,4,63,594.64,273.8
786,Endormis,1,1,1,220,0,0.0,551.75
787,Champions,5,5,5,1,176,3553.02,74.86
789,Champions,5,5,5,2,174,3640.69,216.9
790,Champions,5,5,4,1,189,2799.57,155.67
791,Endormis,1,2,3,107,45,809.88,81.04
792,Champions,5,5,5,0,171,3552.62,1756.3
793,Champions,5,5,5,0,186,3793.86,941.64
794,Endormis,1,1,1,187,0,0.0,1982.78
795,Champions,5,5,5,1,175,4018.95,7.43
796,Champions,5,5,5,1,179,4243.91,4686.21
797,Clients réguliers,5,3,2,1,70,631.51,1210.5
798,Clients réguliers,5,3,3,3,66,751.97,26789.81
799,Champions,5,4,5,3,166,3809.6,1920.05
800,Clients réguliers,4,3,2,26,75,506.18,19356.82
801,Champions,5,4,5,0,170,3356.66,384.24
802,Champions,5,5,5,2,178,4233.84,66.05
804,Champions,5,5,5,1,200,4486.07,14.25
805,Épargnants peu actifs,5,2,2,2,54,560.44,6437.56
807,À risque,3,3,4,59,80,1388.52,2167.64
808,À risque,2,2,2,66,31,286.18,284.11
809,Champions,5,5,5,3,175,3984.07,413.23
810,Endormis,1,1,2,148,15,309.6,1667.01
811,Épargnants peu actifs,3,2,2,60,51,549.9,3709.11
812,Champions,5,5,5,0,181,3935.38,199.27
813,Champions,5,5,4,0,171,3165.54,170.47
814,Champions,5,5,5,0,193,3892.79,2072.12
815,Champions,5,4,4,3,162,3148.86,1300.33
816,Champions,5,5,4,1,187,3014.55,419.1
817,À risque,2,1,1,84,28,261.1,141.86
818,Champions,5,4,4,2,169,2657.23,656.45
819,Épargnants peu actifs,1,1,1,210,0,0.0,2755.17
820,Épargnants peu actifs,2,2,2,80,56,625.96,3545.77
821,Champions,5,5,5,3,180,3832.55,840.25
822,Champions,5,5,5,1,203,4544.97,174.05
823,Champions,5,5,5,1,193,3830.48,1660.41
824,Champions,5,4,4,1,158,3080.81,774.21
825,Clients réguliers,4,3,4,9,75,1311.97,1534.73
827,À risque,2,4,4,81,102,1608.78,396.61
828,Clients réguliers,5,3,3,0,66,980.27,1680.58
829,Champions,5,4,5,0,159,4064.43,3649.06
831,À risque,3,3,4,39,84,1237.41,1030.01
832,Endormis,1,1,1,241,0,0.0,327.04
833,Champions,5,5,5,1,174,4408.51,1166.05
834,Champions,5,5,5,0,182,4625.25,708.59
835,Clients réguliers,5,3,3,3,70,1006.45,2307.84
837,Épargnants peu actifs,5,2,3,6,49,724.54,12303.66
838,Champions,5,5,4,3,176,3244.36,238.51
839,Champions,5,5,5,0,198,4414.41,483.41
840,Champions,5,5,4,0,178,2650.61,918.65
841,Champions,5,5,5,0,210,4341.44,643.15
842,Clients réguliers,5,4,3,0,96,1096.42,2712.85
843,Clients réguliers,5,4,3,0,96,796.05,2459.2
845,Champions,5,5,5,2,191,4255.06,783.23
846,Endormis,1,1,1,226,0,0.0,527.94
847,Clients réguliers,5,3,4,3,70,1627.68,2412.82
849,Épargnants peu actifs,1,1,1,222,0,0.0,2967.06
851,Endormis,1,1,1,259,0,0.0,1074.0
852,Endormis,1,2,2,140,33,526.77,190.79
853,Épargnants peu actifs,1,1,2,117,19,532.32,4594.54
855,Clients réguliers,5,3,3,2,76,943.72,1252.95
856,Champions,5,5,5,2,178,4156.76,767.47
857,Endormis,1,1,1,220,0,0.0,263.6
858,Clients réguliers,5,3,3,0,72,1040.19,803.78
859,Épargnants peu actifs,2,2,3,65,52,943.7,6370.83
860,Épargnants peu actifs,4,2,3,17,40,1132.1,15904.61
861,Clients réguliers,4,3,4,9,82,1335.89,2866.81
862,Clients réguliers,4,3,2,8,66,628.06,880.53
863,À risque,3,2,2,39,46,295.7,484.28
864,Champions,5,5,5,0,171,4349.57,588.53
865,Clients réguliers,5,3,2,0,70,656.44,17541.81
866,Épargnants peu actifs,2,2,2,62,35,474.21,12577.99
867,Champions,5,5,5,0,178,3828.88,739.46
868,Occasionnels,5,2,2,6,57,599.24,2364.22
869,Épargnants peu actifs,5,2,3,3,56,951.84,13427.62
870,Clients réguliers,5,3,3,5,67,1102.07,260.59
871,Champions,5,5,5,1,173,3402.63,1830.72
872,Clients réguliers,5,3,3,4,63,996.9,81.25
873,Champions,5,5,5,2,200,5187.71,734.95
875,Clients réguliers,5,3,4,0,75,1255.06,943.86
876,Champions,5,5,5,1,172,4360.66,11.69
877,Champions,5,5,5,2,185,3828.38,640.31
878,Champions,5,5,5,0,181,3403.17,318.44
879,Endormis,1,1,1,203,0,0.0,41.13
881,Champions,5,4,5,2,169,3365.7,981.52
883,Champions,5,5,5,1,189,4210.99,2809.02
884,Champions,5,5,5,0,175,3705.26,311.56
887,Occasionnels,4,2,2,30,49,652.53,7.52
888,Endormis,1,1,1,260,0,0.0,255.09
890,Champions,5,5,5,2,189,4352.96,549.23
892,Champions,5,5,5,5,212,3663.17,796.43
893,Clients réguliers,5,3,3,2,78,1070.46,2353.02
895,Clients réguliers,5,4,2,3,88,645.78,2393.65
897,Champions,5,4,5,2,151,3442.07,809.15
899,Endormis,1,1,1,219,0,0.0,383.41
901,Clients réguliers,5,3,2,0,69,627.29,128.56
902,Clients réguliers,5,3,2,3,76,649.82,6496.7
903,Épargnants peu actifs,5,2,3,5,49,1034.58,5669.89
905,Champions,5,4,5,0,160,3413.5,74.35
906,Clients réguliers,5,3,4,3,75,1566.72,2457.22
907,Champions,5,5,5,0,206,4525.06,274.72
909,Clients réguliers,4,3,2,23,60,504.42,1193.89
911,Champions,5,5,4,0,182,2288.71,145.2
912,À risque,2,2,3,71,48,1013.74,981.72
913,Épargnants peu actifs,4,2,1,10,33,139.49,7026.51
915,Occasionnels,5,2,3,5,58,891.79,1694.47
916,Champions,5,5,5,3,183,3646.14,713.18
917,Champions,5,4,4,3,163,3104.88,716.02
919,Clients réguliers,5,3,3,0,68,986.97,4493.46
920,Champions,5,4,4,3,165,2557.79,854.15
922,Champions,5,5,4,2,187,3236.42,53.76
924,Clients réguliers,5,3,2,2,62,466.07,1977.23
925,Clients réguliers,5,3,2,3,62,351.65,6437.7
926,Endormis,1,1,1,136,14,83.17,319.16
927,Clients réguliers,5,3,4,0,78,1445.73,4350.89
928,Champions,5,4,5,0,162,4394.67,541.36
929,Épargnants peu actifs,5,2,3,3,50,715.14,3300.81
930,Épargnants peu actifs,5,2,2,1,47,684.94,3522.76
931,Clients réguliers,5,3,2,0,66,675.52,2256.97
934,Clients réguliers,5,3,4,2,72,1448.74,8970.83
935,Épargnants peu actifs,4,2,2,12,43,435.28,4251.57
938,Champions,5,5,5,4,202,4740.7,7.23
939,Champions,5,5,5,2,195,3815.86,2794.38
940,Clients réguliers,5,3,3,2,69,766.72,855.75
941,Champions,5,4,5,0,170,3540.02,2511.35
942,Champions,5,5,5,0,179,4136.37,2632.57
944,Champions,5,4,4,2,169,3157.91,887.25
946,Clients réguliers,5,3,3,0,58,709.17,235.29
947,Clients réguliers,4,3,3,21,61,795.06,3060.8
948,Champions,5,5,5,0,177,3942.95,44.24
949,Champions,5,5,5,0,189,3685.48,419.45
950,Champions,5,5,4,0,195,3131.91,1765.85
951,Clients réguliers,5,4,3,1,86,712.7,3137.8
952,Champions,5,5,5,1,205,3532.13,1944.74
953,Champions,5,5,5,0,173,4282.37,298.65
954,Champions,5,5,5,1,172,4208.65,149.48
955,Épargnants peu actifs,5,2,3,3,54,940.64,12346.49
956,Endormis,1,1,1,137,24,173.27,909.23
957,Champions,5,4,4,0,93,1304.32,115.37
958,Champions,5,5,5,0,179,3707.64,16027.09
960,Champions,5,5,5,3,204,4585.83,2102.8
961,Clients réguliers,5,3,3,5,83,880.49,88.24
962,Champions,5,4,5,0,169,3550.48,1714.09
963,Champions,5,5,5,0,206,3847.18,884.16
964,Clients réguliers,5,3,3,2,79,775.73,16374.38
965,Clients réguliers,5,3,3,4,69,892.68,2688.28
966,Champions,5,5,5,0,180,4020.72,281.18
967,Clients réguliers,5,3,3,1,84,1071.92,2171.78
968,Clients réguliers,5,4,2,0,92,629.25,681.99
969,Clients réguliers,5,3,2,4,69,638.48,397.23
970,Champions,5,5,4,3,196,3345.71,12.21
971,Champions,5,5,5,0,183,4206.3,354.78
972,Champions,5,5,5,1,176,3622.7,1428.22
973,Endormis,1,2,3,154,35,1024.62,1885.26
974,Champions,5,5,4,0,191,2859.92,432.36
975,Clients réguliers,5,3,2,5,75,678.87,1176.22
976,Clients réguliers,5,3,2,1,69,657.24,1003.81
977,Champions,5,5,5,1,176,3608.15,3861.86
978,Champions,5,5,5,1,210,4349.09,1119.98
979,Clients réguliers,5,3,4,6,71,1240.02,2155.71
980,Clients réguliers,4,4,3,11,90,905.65,3371.47
982,Clients réguliers,5,4,3,0,95,1217.78,2165.67
984,Champions,5,5,5,0,189,3952.61,96.76
985,Champions,5,5,5,0,188,4918.22,944.98
986,Champions,5,4,5,3,149,3511.15,385.12
987,Clients réguliers,5,3,3,0,65,702.29,1358.75
988,Champions,5,4,4,0,100,1306.47,943.22
989,Champions,5,5,5,1,171,4804.44,1908.13
990,Endormis,1,1,1,206,0,0.0,260.0
991,Clients réguliers,4,3,3,16,68,1218.56,9810.52
993,Clients réguliers,5,3,3,7,83,808.13,1019.63
996,Champions,5,5,5,0,189,4423.04,174.5
997,Champions,5,5,5,1,193,5565.59,122.01
998,Champions,5,5,5,7,175,4693.84,9.9
1000,Champions,5,4,5,4,168,4470.41,1342.69
1001,Clients réguliers,4,3,2,19,63,616.25,10992.19
1002,Champions,5,5,5,2,182,3963.03,980.84
1004,Clients réguliers,5,4,3,0,87,920.92,1455.99
1005,Clients réguliers,5,3,2,1,67,647.52,4909.44
1006,À risque,2,2,2,87,45,338.64,1333.6
1007,Clients réguliers,4,3,4,26,81,1250.05,1082.71
1008,Champions,5,5,5,1,197,4264.59,879.11
1009,Champions,5,5,5,2,199,3595.86,158.18
1010,Épargnants peu actifs,5,2,1,5,44,147.15,9328.85
1011,À risque,2,2,2,71,48,585.73,3.28
1013,Champions,5,5,5,0,187,4895.19,317.57
1015,Clients réguliers,4,4,3,13,87,876.29,224.13
1017,À risque,3,3,2,38,70,594.6,996.33
1019,Épargnants peu actifs,5,2,3,0,47,1091.27,16362.26
1020,Clients réguliers,5,4,3,2,93,990.9,1471.34
1021,Clients réguliers,5,4,3,4,91,833.59,4418.61
1022,Clients réguliers,5,3,3,7,83,1157.19,721.61
1023,Champions,5,5,5,0,195,4622.25,862.53
1024,Champions,5,5,4,0,188,3207.7,2402.57
1025,Champions,5,5,4,0,191,3024.64,1219.0
1026,Champions,5,5,4,7,173,3020.18,1338.34
1027,Champions,5,5,5,0,173,3912.54,2578.75
1028,Champions,4,4,4,18,87,1266.1,3.83
1030,Clients réguliers,5,3,3,0,58,881.71,523.28
1031,Clients réguliers,4,3,2,25,74,657.94,1840.14
1032,Champions,5,4,4,0,168,3348.26,4244.15
1033,Champions,5,5,4,1,173,2973.0,656.21
1034,Clients réguliers,5,3,3,3,62,831.8,14692.3
1035,Endormis,1,4,4,99,85,1440.1,796.54
1036,À risque,3,3,3,54,65,908.79,1554.11
1037,Clients réguliers,4,3,3,11,73,960.39,40.9
1038,Champions,5,5,4,3,195,3101.66,602.43
1039,Endormis,1,1,1,182,0,0.0,456.53
1040,Clients réguliers,5,3,3,3,69,710.25,18261.78
1041,Clients réguliers,5,3,3,1,82,1040.63,314.41
1042,Endormis,1,1,2,116,25,602.57,631.12
1043,Champions,5,5,5,3,173,4795.09,3986.43
1044,Champions,5,5,5,1,183,3836.92,1034.82
1045,Clients réguliers,5,3,3,5,79,945.86,9.36
1046,Champions,5,4,4,1,92,1331.21,384.22
1047,Clients réguliers,5,3,3,1,80,1101.82,949.82
1048,Épargnants peu actifs,5,2,3,2,41,740.84,14669.16
1050,Champions,5,5,5,0,178,4320.08,384.93
1051,À risque,3,4,5,49,142,3382.93,1596.12
1052,Épargnants peu actifs,5,2,3,3,54,980.05,6077.65
1053,Champions,5,4,4,1,165,2810.41,544.11
1054,Champions,5,5,5,3,191,3796.53,3638.7
1056,Occasionnels,5,1,1,0,14,160.58,1157.42
1057,Clients réguliers,5,4,3,2,100,749.44,540.51
1058,Épargnants peu actifs,5,2,3,0,53,707.49,13155.48
1059,Endormis,1,1,1,110,28,143.87,2.13
1061,Clients réguliers,4,3,3,8,84,893.64,556.47
1062,Occasionnels,5,1,1,5,8,76.73,100.27
1065,Occasionnels,4,2,3,28,51,958.59,5.0
1066,Clients réguliers,5,3,3,0,66,872.54,2263.46
1067,Épargnants peu actifs,5,2,3,3,57,1142.28,7524.72
1068,Champions,5,5,5,0,195,4076.77,34.75
1069,Champions,5,4,5,0,166,3465.48,1173.43
1070,Endormis,1,2,3,93,33,894.85,2.22
1071,Clients réguliers,5,3,3,1,72,1063.85,2537.84
1072,Champions,5,4,5,4,154,4023.96,765.35
1073,Clients réguliers,5,3,3,3,63,785.1,6963.9
1074,Champions,5,4,5,1,157,3893.48,131.09
1076,Champions,5,4,5,0,168,4173.96,252.11
1077,Champions,5,5,4,0,184,3068.26,1080.76
1078,Champions,5,4,5,2,140,3498.17,2630.21
1079,Champions,5,5,5,2,184,5736.9,1516.22
1080,Clients réguliers,5,3,3,2,80,920.32,328.0
1085,Champions,5,5,5,0,170,3446.59,363.96
1086,Clients réguliers,5,3,3,7,76,766.53,4537.47
1087,Champions,5,5,5,3,179,4053.17,580.41
1089,Clients réguliers,5,4,2,0,89,697.97,978.13
1091,Champions,5,5,5,0,179,4561.37,147.03
1092,Champions,5,5,5,0,176,3774.95,513.91
1093,Clients réguliers,5,4,3,0,84,1203.23,4343.28
1094,Endormis,1,1,1,139,9,37.22,1277.46
1095,Champions,5,4,4,2,113,1240.38,1908.6
1097,Épargnants peu actifs,1,2,3,129,47,1145.6,5987.29
1098,Champions,5,5,4,0,174,2815.44,1255.66
1099,Champions,5,5,5,1,181,3670.32,4044.06
1101,Clients réguliers,5,3,3,0,75,770.02,450.98
1103,Champions,5,5,4,0,177,3093.25,133.07
1104,Endormis,1,1,1,197,0,0.0,1163.87
1105,Clients réguliers,4,3,3,15,74,1022.12,36.28
1109,Champions,5,5,4,0,177,3326.93,1044.24
1110,À risque,3,4,4,43,134,2786.68,1055.01
1111,Clients réguliers,5,3,2,0,74,607.2,851.02
1112,À risque,3,3,3,36,70,924.83,693.17
1113,Clients réguliers,5,3,2,0,67,451.84,48.83
1114,Clients réguliers,5,3,2,0,81,693.93,732.68
1115,Champions,5,5,4,0,205,3221.57,342.81
1116,À risque,2,2,3,78,53,790.9,21.3
1117,Occasionnels,5,2,3,0,57,861.01,640.07
1118,À risque,2,2,2,64,46,644.73,282.57
1119,Clients réguliers,5,4,3,0,98,1031.81,285.66
1120,Champions,5,5,5,0,170,3644.87,204.09
1121,Champions,5,4,5,1,167,4216.27,595.78
1122,Épargnants peu actifs,4,2,2,12,50,388.14,8719.86
1123,Clients réguliers,5,3,3,0,62,722.91,429.09
1125,Champions,5,5,5,0,177,4313.62,334.82
1127,Clients réguliers,5,4,3,0,96,1166.94,864.06
1128,Champions,5,4,4,0,141,2960.39,6242.32
1129,Clients réguliers,5,3,3,1,62,772.64,252.72
1131,Clients réguliers,5,3,3,0,64,800.23,401.77
1132,Clients réguliers,5,3,3,3,73,953.56,502.22
1133,Clients réguliers,5,4,3,5,84,815.9,1199.1
1135,Champions,5,5,5,0,200,4397.93,39.73
1137,Clients réguliers,5,4,3,0,84,901.3,298.83
1138,À risque,3,2,2,54,44,391.17,69.05
1139,Champions,5,5,5,0,174,3351.1,688.15
1140,Épargnants peu actifs,5,2,2,1,48,527.05,4060.95
1141,Champions,5,5,5,0,192,4034.65,534.61
1143,À risque,3,2,2,34,47,614.1,365.26
1144,Champions,5,4,4,1,100,1338.79,1353.56
1145,Champions,5,5,5,0,171,3845.89,540.53
1146,Clients réguliers,5,4,2,2,101,613.37,327.63
1147,Champions,5,5,5,1,188,4564.06,725.93
1148,Champions,5,5,5,2,176,3866.82,405.85
1149,Champions,5,5,5,1,177,3745.39,52.93
1150,Champions,5,4,4,1,118,1876.73,4034.08
1151,Champions,5,5,4,2,174,3122.16,207.21
1152,Champions,5,4,4,0,148,2849.88,158.92
1154,Épargnants peu actifs,5,2,3,1,41,755.91,4469.09
1155,Champions,5,5,4,0,170,3334.29,308.57
1156,Clients réguliers,5,3,2,1,71,524.7,169.3
1157,Champions,5,4,5,0,161,4371.22,656.98
1158,Champions,5,4,4,0,163,3045.16,229.57
1159,Clients réguliers,5,3,3,2,66,860.69,15946.31
1160,Endormis,1,1,2,130,20,377.12,30.88
1161,Endormis,1,1,2,157,7,292.53,81.47
1162,Clients réguliers,4,3,2,27,62,614.14,1649.86
1163,Clients réguliers,5,3,2,0,68,627.26,287.74
1164,Clients réguliers,5,3,2,0,82,517.05,676.95
1165,Clients réguliers,4,3,3,10,78,811.35,1477.65
1166,À risque,3,2,2,51,38,319.92,336.08
1167,Clients réguliers,4,3,3,12,69,722.51,3077.49
1168,Épargnants peu actifs,4,2,2,10,43,344.84,16889.16
1169,Clients réguliers,4,3,2,10,69,701.75,995.25
1170,Champions,5,4,4,2,157,3275.06,291.19
1172,Occasionnels,4,2,3,28,55,766.74,694.26
1173,Occasionnels,5,2,3,4,50,739.09,368.91
1174,Épargnants peu actifs,5,2,3,7,53,773.21,3104.79
1175,Clients réguliers,5,3,4,0,60,1303.41,10343.59
1176,Épargnants peu actifs,5,2,2,4,47,352.79,3495.21
1177,Champions,5,4,4,0,153,2795.42,167.76
1178,Clients réguliers,4,3,2,10,59,312.49,529.51
1179,Clients réguliers,5,3,3,1,74,1231.41,149.59
1180,Épargnants peu actifs,4,1,1,24,23,57.65,4344.35
1181,Clients réguliers,5,3,3,4,64,853.4,11845.6
1182,Épargnants peu actifs,5,1,1,5,14,16.12,7878.88
1183,Champions,5,4,5,0,153,3783.3,671.01
1184,Champions,5,4,5,1,146,3706.64,1980.17
1185,Champions,5,4,4,1,149,2689.27,33.57
1186,Champions,5,4,5,1,160,3521.41,31.2
1187,Clients réguliers,5,3,2,1,71,686.65,6104.35
1188,Champions,5,5,5,2,186,3411.6,4.72
1189,Champions,5,4,5,0,162,3824.44,287.71
1190,Clients réguliers,5,3,2,0,67,654.41,5545.59
1192,Champions,5,4,4,0,169,3304.22,425.84
1194,Champions,5,4,5,1,147,3389.26,205.0
1195,Occasionnels,5,2,3,3,49,1007.32,75.68
1196,Champions,5,4,4,4,150,3099.16,1137.36
1197,Clients réguliers,5,3,4,1,80,1303.87,716.13
1198,Clients réguliers,5,4,3,4,95,1093.29,227.71
1201,Champions,5,5,4,0,170,2997.68,519.22
1202,Clients réguliers,5,3,2,0,65,592.42,1436.58
1203,Champions,5,4,4,6,142,3225.64,503.4
1204,Clients réguliers,5,4,3,2,84,1187.69,1092.31
1206,Clients réguliers,5,3,2,2,65,687.99,7638.01
1207,Occasionnels,5,2,2,1,44,665.43,7.57
1208,Champions,5,4,5,1,158,4105.31,2374.94
1209,Champions,5,5,4,2,171,3022.69,323.09
1210,Clients réguliers,5,3,3,0,83,1152.53,1266.47
1211,Épargnants peu actifs,4,2,2,26,41,414.83,9629.17
1212,Champions,5,4,4,1,159,2879.19,710.69
1213,À risque,2,2,1,63,32,238.38,191.62
1214,Clients réguliers,5,4,3,6,87,1093.26,2025.74
1215,Clients réguliers,5,3,3,5,76,1094.99,828.01
1216,Champions,5,5,4,1,174,3181.4,19.17
1217,Épargnants peu actifs,5,2,3,4,41,890.95,5628.05
1219,Champions,5,4,4,4,147,2983.85,411.43
1220,Champions,4,5,4,8,173,3275.87,1.98
1221,Clients réguliers,5,3,2,6,72,510.37,13276.63
1222,Clients réguliers,4,3,4,9,75,1750.63,975.37
1223,Champions,5,4,4,2,143,2871.97,451.92
1224,Champions,5,4,4,0,159,3316.68,289.5
1227,Champions,5,5,4,2,172,3071.01,0.92
1228,Champions,5,4,4,4,154,3040.43,4.23
1229,Champions,5,4,4,1,131,2855.7,556.16
1230,Champions,5,4,5,0,156,3543.62,221.68
1231,Clients réguliers,5,3,2,4,75,511.35,412.65
1232,Clients réguliers,5,3,3,1,60,1164.95,5243.05
1233,Occasionnels,5,1,2,3,22,450.51,513.49
1234,Champions,5,4,5,3,135,3884.67,752.71
1235,Occasionnels,5,2,3,5,57,1057.95,449.05
1236,Champions,5,4,5,0,168,3497.89,201.79
1238,Champions,5,4,5,2,161,3835.72,726.17
1239,Champions,5,5,4,3,171,3259.27,1409.73
1240,Clients réguliers,5,3,3,1,63,757.04,370.96
1241,Clients réguliers,5,3,3,2,62,919.33,265.67
1242,Clients réguliers,5,4,3,0,92,859.29,8278.71
1243,Champions,5,4,5,1,163,3889.38,301.07
1244,Clients réguliers,5,4,3,1,88,846.01,262.99
1245,Champions,5,4,5,1,149,3625.37,171.9
1246,Champions,5,4,4,2,160,3010.46,8.02
1248,À risque,3,2,2,41,38,410.85,0.15
1249,Clients réguliers,5,3,3,0,60,960.74,374.26
1250,Clients réguliers,5,3,2,0,70,582.6,797.4
1251,Occasionnels,5,2,2,0,57,476.43,159.57
1252,Clients réguliers,4,3,3,12,78,949.11,1681.89
1253,Clients réguliers,5,4,3,1,100,1002.59,345.41
1254,Champions,5,4,5,0,150,3694.46,384.97
1255,Clients réguliers,5,3,2,0,59,636.5,113.5
1257,Champions,5,5,5,0,188,3970.63,463.32
1258,Clients réguliers,5,3,3,0,73,810.3,57.7
1261,Champions,5,4,4,0,168,2762.6,96.4
1262,Champions,5,4,4,2,92,1304.09,36.91
1263,Champions,5,4,5,1,142,3640.55,1762.81
1265,Champions,5,4,4,3,145,2941.84,370.65
1266,Clients réguliers,4,3,3,13,72,998.91,412.09
1267,Clients réguliers,5,3,2,2,67,700.6,972.4
1268,Champions,5,4,4,2,134,2121.47,19.22
1269,Épargnants peu actifs,4,2,2,18,47,477.14,7228.86
1270,Épargnants peu actifs,5,1,1,4,13,26.24,5082.76
1271,Champions,5,4,5,1,143,3877.37,30.22
1272,Champions,5,4,5,0,169,4106.23,84.74
1273,Endormis,1,1,2,106,15,285.89,1172.11
1275,Clients réguliers,5,3,3,5,81,896.37,852.63
1276,Clients réguliers,5,3,2,0,65,651.0,1016.0
1277,Clients réguliers,5,4,3,1,84,980.73,1061.27
1279,Clients réguliers,5,3,2,0,70,629.81,777.19
1280,Clients réguliers,5,3,3,0,67,1162.27,715.73
1281,Occasionnels,5,2,2,6,53,646.92,121.08
1283,À risque,2,2,2,80,30,409.21,841.79
1285,Clients réguliers,5,3,1,1,61,280.38,7.62
1286,Clients réguliers,5,3,4,4,76,1397.93,1641.07
1287,Champions,5,5,5,0,193,4429.44,679.2
1288,Occasionnels,5,2,1,0,41,233.32,6.68
1289,Champions,5,4,4,1,113,2270.01,1816.14
1290,Occasionnels,5,1,1,0,9,44.89,539.11
1291,Clients réguliers,5,4,2,5,92,640.35,9353.65
1292,Clients réguliers,5,3,2,5,61,565.11,2128.89
1293,Champions,5,4,5,0,147,3721.57,593.63
1294,Clients réguliers,5,3,3,1,63,1144.16,2807.84
1295,Endormis,1,2,1,94,29,244.48,3.52
1296,Endormis,1,1,1,91,25,172.6,32.4
1297,Épargnants peu actifs,5,2,2,3,46,545.5,4232.5
1298,Champions,5,4,4,0,153,3341.85,59.45
1299,Clients réguliers,4,3,3,12,75,941.02,246.98
1300,Champions,5,4,5,0,154,3774.53,588.06
1301,Champions,5,4,4,1,169,2511.21,8.83
1302,Occasionnels,5,2,2,1,54,547.9,782.1
1303,Champions,5,4,4,1,122,2826.61,370.45
1304,Champions,5,4,4,0,109,2970.99,693.28
1305,Épargnants peu actifs,5,2,2,0,54,475.27,4180.73
1306,Occasionnels,5,1,1,1,22,255.5,1339.5
1307,Champions,5,4,4,1,154,3194.2,95.39
1308,Champions,5,4,4,0,130,2495.36,1569.85
1309,Clients réguliers,5,3,3,1,68,1027.06,9.94
1310,Occasionnels,5,2,3,1,54,879.5,766.5
1311,Champions,5,4,4,0,124,2078.74,2231.39
1312,Champions,5,4,4,0,101,1817.51,1577.43
1314,Clients réguliers,5,3,3,1,83,1099.26,303.74
1317,Clients réguliers,5,3,2,0,59,642.85,486.15
1318,Champions,5,4,4,4,120,2000.76,10.73
1319,Champions,5,4,4,4,112,2751.89,605.49
1320,Occasionnels,5,2,3,4,44,1039.23,924.77
1322,Clients réguliers,5,3,2,0,70,618.4,1233.6
1323,Champions,5,4,4,0,130,2469.46,327.56
1324,Occasionnels,5,2,2,4,43,507.65,1031.35
1326,Champions,5,4,4,0,103,2071.67,5.32
1327,Champions,5,4,4,0,155,2738.9,220.26
1328,Champions,5,4,4,0,134,3252.03,12.9
1329,Champions,5,4,5,2,137,3376.47,23.25
1330,Champions,5,4,4,1,115,2427.87,1602.68
1331,Clients réguliers,5,3,3,0,61,963.44,703.56
1332,Clients réguliers,5,3,2,0,61,590.4,277.6
1334,Clients réguliers,5,3,3,4,66,749.78,3801.22
1335,Occasionnels,5,2,2,0,54,481.41,174.59
1336,Occasionnels,4,2,2,16,34,587.84,8.16
1337,Occasionnels,5,2,2,4,54,686.92,134.08
1338,Épargnants peu actifs,5,2,3,0,40,949.38,3564.62
1339,Occasionnels,4,2,2,22,39,515.18,6.82
1340,À risque,3,1,2,51,26,330.69,64.31
1342,Champions,5,4,4,0,142,2759.7,517.46
1343,Clients réguliers,5,3,2,1,60,590.24,1907.76
1344,Champions,4,4,4,13,110,2249.98,181.8
1345,Clients réguliers,4,3,3,12,70,1000.34,697.66
1346,Occasionnels,4,2,2,30,45,662.85,227.15
1347,Épargnants peu actifs,5,2,1,2,33,156.2,8402.8
1348,Occasionnels,5,1,1,1,8,101.36,2148.64
1349,Champions,5,4,4,1,146,2417.34,3152.05
1351,Champions,5,4,4,1,142,3013.14,410.05
1352,Clients réguliers,5,3,2,3,64,659.97,1663.03
1353,Occasionnels,5,1,2,6,19,296.62,1250.38
1355,Épargnants peu actifs,4,2,1,24,31,245.06,9126.94
1356,Occasionnels,5,2,2,7,41,380.73,311.27
1357,Clients réguliers,5,3,2,0,75,638.61,453.39
1358,Épargnants peu actifs,5,2,2,1,50,695.03,11769.97
1359,Champions,5,4,4,0,109,2691.19,250.92
1360,Champions,5,4,5,2,152,3522.73,701.47
1361,Occasionnels,5,2,3,2,50,734.76,1619.24
1362,Épargnants peu actifs,4,2,1,13,35,232.97,6374.03
1363,Champions,5,4,4,0,119,2425.58,245.04
1364,Épargnants peu actifs,5,2,2,3,52,423.94,13239.06
1365,Champions,5,4,4,1,122,2261.43,979.97
1366,Occasionnels,5,2,2,4,42,448.44,316.56
1367,Champions,5,4,4,0,146,2844.16,355.17
1368,Épargnants peu actifs,5,2,3,3,51,728.09,14594.91
1369,Champions,5,4,4,1,148,3246.7,395.49
1371,Champions,5,4,5,1,140,3413.98,576.28
1372,Champions,5,4,4,2,125,3059.45,745.58
1374,Champions,5,4,4,0,153,3253.18,673.5
1375,Clients réguliers,5,3,2,2,69,661.74,980.26
1376,Champions,5,4,4,0,136,2933.53,17.13
1377,Champions,5,4,4,0,137,2567.84,190.4
1378,Clients réguliers,5,3,2,1,59,349.29,4710.71
1379,Champions,5,4,4,2,138,2946.9,562.54
1380,Champions,5,4,4,0,143,2565.95,115.22
1381,Champions,5,4,4,1,111,2636.07,4.8
1382,Champions,5,4,5,0,132,3389.7,1846.99
1383,Champions,5,4,4,3,128,3215.79,1463.47
1384,Occasionnels,5,2,2,0,52,580.43,293.57
1385,Champions,5,4,4,1,145,1976.37,229.95
1386,Clients réguliers,5,3,2,3,70,397.34,598.66
1388,Occasionnels,5,2,2,4,35,632.38,339.62
1389,Clients réguliers,5,3,3,1,58,734.35,328.65
1390,Clients réguliers,5,3,3,0,67,916.85,769.15
1391,Champions,5,4,4,2,129,2026.65,760.74
1393,Occasionnels,5,2,2,3,42,417.4,1600.6
1394,Champions,5,4,4,3,116,2553.19,8.94
1395,Champions,5,4,4,1,107,2190.17,499.27
1396,Clients réguliers,5,3,3,0,58,730.6,759.4
1397,Champions,5,4,4,1,127,2076.57,223.02
1399,À risque,2,2,2,66,41,438.16,340.84
1400,Clients réguliers,5,3,2,3,58,495.29,1213.71
1401,À risque,2,1,1,89,25,93.57,25.43
1402,Clients réguliers,5,3,3,0,68,1013.92,2022.08
1403,Champions,5,4,4,0,136,2122.63,156.47
1404,Occasionnels,5,2,2,2,53,677.99,726.01
1405,À risque,2,2,2,71,30,352.44,158.56
1406,À risque,2,2,2,84,36,512.9,523.1
1407,Champions,5,4,4,0,134,2523.37,930.86
1409,Clients réguliers,5,3,3,2,64,737.3,11024.7
1410,Occasionnels,5,2,2,2,39,309.98,48.02
1411,Occasionnels,5,2,2,1,45,545.24,412.76
1412,Champions,5,4,4,0,101,3006.5,30.69
1413,Épargnants peu actifs,4,2,1,10,45,259.63,4921.37
1414,Épargnants peu actifs,5,2,2,1,56,471.96,11555.04
1415,Occasionnels,5,2,3,1,55,862.18,211.82
1416,Occasionnels,5,2,2,0,52,621.27,28.73
1418,Occasionnels,5,2,1,0,42,238.23,838.77
1419,Clients réguliers,5,3,4,0,78,1300.51,606.55
1420,Occasionnels,5,2,2,0,48,332.36,464.64
1421,Champions,5,4,4,0,114,2074.55,376.72
1422,Épargnants peu actifs,5,2,3,0,52,850.27,3817.73
1423,Clients réguliers,5,3,4,0,62,1730.17,926.57
1424,Clients réguliers,5,3,2,1,60,679.05,260.95
1425,Champions,5,4,4,3,110,2807.13,2066.05
1426,Épargnants peu actifs,5,2,1,3,43,136.39,6822.61
1427,Endormis,1,1,1,91,14,147.44,269.56
1428,Clients réguliers,5,3,2,6,61,534.35,82.65
1430,Occasionnels,5,2,2,1,57,470.83,2037.17
1431,Champions,5,4,4,1,100,1953.6,76.09
1432,Champions,5,4,4,0,95,1831.14,2440.5
1433,Occasionnels,5,2,2,0,52,492.02,419.98
1434,Champions,5,4,4,0,101,1615.34,58.32
1435,Champions,5,4,4,5,97,1586.27,4.97
1436,Occasionnels,5,2,3,3,44,705.16,192.84
1437,Occasionnels,5,2,3,2,53,702.41,370.59
1438,Occasionnels,5,2,2,0,51,529.04,210.96
1439,Occasionnels,5,2,2,4,43,330.03,3.97
1440,Clients réguliers,5,4,3,0,90,1027.08,738.38
1441,Occasionnels,5,2,2,1,35,287.37,17.63
1442,Champions,5,4,4,1,102,2130.01,974.82
1443,Occasionnels,4,2,1,25,40,234.91,511.09
1444,Champions,5,4,4,2,117,2321.33,7.76
1445,Occasionnels,5,2,2,4,39,492.86,949.14
1446,Occasionnels,4,2,3,10,46,721.1,2331.9
1447,Occasionnels,5,2,2,1,55,399.02,1323.98
1448,Clients réguliers,5,3,2,0,65,572.59,465.41
1450,Champions,5,4,4,0,118,2018.57,173.32
1451,Clients réguliers,5,3,4,1,66,2137.51,1038.24
1452,Occasionnels,5,2,2,3,33,347.25,731.75
1453,Occasionnels,5,2,2,3,47,437.18,1622.82
1454,Épargnants peu actifs,5,2,1,4,41,284.17,12638.83
1455,Occasionnels,5,2,2,3,41,309.47,309.53
1457,Épargnants peu actifs,5,2,2,1,36,310.67,14393.33
1458,Occasionnels,5,2,2,3,43,395.5,202.5
1460,Occasionnels,5,2,2,4,40,385.75,1.25
1461,Occasionnels,4,2,1,16,40,229.25,3.75
1463,Clients réguliers,5,3,3,2,72,1145.5,7649.5
1464,Occasionnels,5,2,3,0,51,823.62,5.38
1465,Champions,5,4,4,1,101,2009.7,918.62
1466,Occasionnels,5,2,3,3,55,786.67,443.33
1468,À risque,2,1,1,70,10,15.73,1578.27
1469,À risque,3,1,2,42,19,527.83,9.17
1470,Occasionnels,5,2,2,1,39,506.72,1734.28
1471,Champions,5,4,4,4,132,2527.79,896.05
1473,Champions,5,4,4,0,104,1715.45,11.13
1474,Champions,5,4,4,6,85,1681.95,681.95
1475,Clients réguliers,5,3,4,1,83,2164.94,1432.09
1476,Champions,5,4,4,0,94,2398.26,83.18
1478,Champions,5,4,4,0,98,1619.3,272.63
1480,Champions,5,4,4,0,127,2701.72,450.78
1481,Clients réguliers,5,3,2,0,67,597.49,9158.51
1482,Épargnants peu actifs,5,1,1,1,17,39.58,9795.42
1483,Épargnants peu actifs,5,2,2,1,32,452.98,5957.02
1484,Clients réguliers,5,3,2,1,61,594.01,58.99
1485,Occasionnels,5,2,3,2,44,726.17,763.83
1486,Champions,5,4,4,2,96,2360.86,731.1
1488,Champions,5,4,4,1,112,1601.17,20.27
1489,Occasionnels,5,2,2,2,53,695.97,31.03
1490,Champions,5,4,4,2,119,2106.53,207.16
1491,Champions,5,4,4,0,91,1549.44,230.56
1492,Occasionnels,5,1,1,5,9,139.62,1519.38
1493,Champions,5,4,4,0,114,2856.89,411.96
1494,Occasionnels,5,2,2,3,49,490.82,10.18
1495,Occasionnels,5,2,2,5,33,413.23,23.77
1497,Occasionnels,5,2,2,0,56,477.76,314.24
1498,Épargnants peu actifs,5,1,1,0,10,200.95,6203.05
1499,Champions,5,4,4,0,114,2538.03,276.65
1500,Épargnants peu actifs,3,2,2,50,41,360.9,4661.1
1502,Occasionnels,5,2,2,0,52,407.17,54.83
1503,Épargnants peu actifs,5,2,2,4,36,385.47,6231.53
1504,Clients réguliers,5,3,3,1,59,776.69,161.31
1505,À risque,3,2,2,59,30,401.76,385.24
1506,Champions,5,4,4,4,110,1800.31,245.62
1507,Occasionnels,4,2,2,13,32,304.9,6.1
1508,Champions,5,4,4,4,103,2605.11,270.75
1509,Occasionnels,5,2,3,0,45,722.97,201.03
1510,Champions,5,4,4,7,112,1293.83,7.27
1511,Champions,5,4,4,0,120,2417.3,703.97
1512,Occasionnels,5,2,1,4,56,278.64,360.36
1513,Occasionnels,4,1,2,30,21,328.67,15.33
1514,À risque,3,2,2,40,37,557.9,328.1
1515,Champions,5,4,4,1,93,2460.17,1128.77
1517,Occasionnels,5,2,3,1,40,816.8,761.2
1518,Occasionnels,4,2,2,9,45,491.16,167.84
1519,Clients réguliers,5,3,3,0,73,926.22,136.26
1520,Clients réguliers,5,3,4,0,74,1944.14,520.55
1521,Occasionnels,5,2,3,3,44,708.14,637.0
1522,Occasionnels,4,2,1,8,35,245.2,1192.8
1523,Occasionnels,5,1,2,6,26,289.49,1525.51
1524,Occasionnels,5,2,3,0,48,926.89,1008.63
1525,Occasionnels,5,1,1,2,28,163.0,30.0
1526,Occasionnels,5,2,1,0,41,257.43,434.57
1527,À risque,3,1,1,50,21,228.42,540.58
1528,Occasionnels,5,2,3,2,54,1051.62,135.53
1529,Occasionnels,5,1,2,3,26,459.21,68.79
1530,Occasionnels,5,2,4,7,55,1538.31,47.04
1532,Occasionnels,5,1,2,1,22,530.24,2088.76
1534,Épargnants peu actifs,5,1,1,2,21,96.32,5749.68
1535,Clients réguliers,5,3,4,1,74,1649.16,19.9
1536,Clients réguliers,5,3,4,0,80,1536.78,3.57
1537,Clients réguliers,5,3,3,0,70,777.27,570.58
1538,Clients réguliers,5,4,3,0,90,1026.85,0.41
1539,Clients réguliers,5,3,4,0,59,1576.23,187.93
1540,Clients réguliers,5,3,3,1,58,1120.92,6.42
1541,Occasionnels,5,2,2,2,40,321.31,26.69
1542,Occasionnels,5,2,2,2,43,557.1,447.9
1543,Occasionnels,4,1,2,26,23,352.52,2623.48
1544,Occasionnels,5,1,1,0,24,214.22,34.78
1545,Occasionnels,5,2,1,1,29,126.2,283.8
1546,Occasionnels,5,2,2,4,31,579.45,38.55
1547,Occasionnels,5,2,2,1,37,490.08,428.92
1548,Clients réguliers,5,3,4,3,70,1472.4,585.9
1549,Clients réguliers,5,3,3,0,69,1153.0,356.0
1550,Occasionnels,5,2,2,1,31,409.35,443.65
1551,Occasionnels,5,1,1,1,9,54.59,982.41
1552,Occasionnels,5,1,2,0,27,356.5,25.5
1553,Occasionnels,5,1,1,4,16,72.44,0.56
1554,Occasionnels,5,2,1,3,29,240.6,987.4
1555,Épargnants peu actifs,5,2,1,0,33,277.25,2645.75
1556,À risque,2,1,1,65,17,27.86,844.14
1557,Clients réguliers,5,3,4,1,76,1405.57,1.93
1558,Clients réguliers,5,3,2,0,61,385.43,124.57
1559,Occasionnels,5,2,3,1,38,735.27,577.73
1560,Occasionnels,5,2,1,7,29,209.27,2368.73
1561,Épargnants peu actifs,5,1,1,2,24,101.91,6781.09
1563,Occasionnels,5,2,3,0,38,722.14,888.24
1564,Champions,5,4,4,0,85,1982.15,820.23
1565,Occasionnels,5,2,2,1,37,328.88,275.12
1567,Clients réguliers,5,3,4,0,61,1269.11,773.72
1568,Clients réguliers,5,3,3,0,67,1218.77,1530.39
1569,Occasionnels,5,1,1,2,28,267.23,10.77
1570,Épargnants peu actifs,4,2,1,15,31,144.17,2891.83
1571,Occasionnels,5,2,2,6,34,462.91,239.09
1572,Occasionnels,4,1,2,9,22,320.19,120.81
1573,Clients réguliers,5,3,3,0,66,1098.56,126.0
1574,Clients réguliers,5,3,4,0,71,1593.08,1246.36
1576,Occasionnels,5,1,1,7,24,254.11,1668.89
1577,Occasionnels,5,2,2,4,32,636.36,231.64
1578,Épargnants peu actifs,5,2,1,2,41,169.0,23203.0
1579,Clients réguliers,5,3,4,0,58,1591.87,1140.69
1580,Occasionnels,5,2,1,4,38,273.46,1306.54
1581,Clients réguliers,5,3,4,0,77,2232.16,158.87
1582,Clients réguliers,5,3,3,0,77,1183.13,729.45
1583,Clients réguliers,5,3,4,2,69,1382.03,482.19
1584,Clients réguliers,5,3,4,0,67,2310.44,1007.84
1585,Occasionnels,5,2,2,2,34,352.75,527.25
1588,Occasionnels,4,1,2,9,28,394.38,2.62
1589,Clients réguliers,5,3,4,2,62,1500.74,315.02
1590,Occasionnels,5,2,2,3,53,553.85,13.02
1591,Occasionnels,5,1,1,1,14,123.71,1523.29
1592,Occasionnels,5,2,2,3,39,386.4,288.6
1594,Épargnants peu actifs,4,2,1,8,33,46.97,8015.03
1595,À risque,3,1,1,38,10,104.88,338.12
1598,Champions,5,4,4,5,84,1237.91,7.48
1599,Occasionnels,5,1,2,1,28,500.24,140.76
1600,Clients réguliers,5,3,4,0,78,1533.4,48.41
1601,Champions,5,4,4,3,87,1769.01,3.5
1603,Occasionnels,4,2,2,12,40,555.12,9.88
1604,Occasionnels,5,2,2,2,34,594.74,557.26
1605,Occasionnels,5,2,1,4,48,255.23,173.77
1606,Épargnants peu actifs,5,1,1,6,20,207.57,5609.43
1607,Clients réguliers,5,3,4,0,70,1319.83,1342.15
1608,Occasionnels,5,1,1,3,17,86.54,0.46
1609,Clients réguliers,5,3,4,1,65,1524.93,112.2
1610,Occasionnels,5,2,4,0,50,1524.91,496.68
1611,Clients réguliers,5,3,4,1,81,1484.45,236.56
1612,Épargnants peu actifs,5,2,2,5,28,331.88,5994.12
1613,À risque,3,1,1,37,12,199.06,1268.94
1615,Clients réguliers,5,3,4,2,61,1403.25,47.42
1616,Clients réguliers,5,3,4,0,77,2480.64,902.6
1617,Clients réguliers,5,3,4,4,81,1582.27,549.09
1618,Clients réguliers,5,3,4,1,79,1310.42,604.51
1619,Champions,5,4,4,0,108,1459.65,102.16
1620,Clients réguliers,5,3,3,3,65,932.71,22.89
1621,Occasionnels,4,1,1,12,3,19.01,2427.99
1622,Épargnants peu actifs,4,1,1,11,22,60.37,3000.63
1624,Occasionnels,5,1,1,4,16,88.65,1.35
1625,Occasionnels,5,2,2,0,28,384.8,711.93
1626,Clients réguliers,5,3,4,0,79,2258.16,245.12
1627,Occasionnels,5,2,2,0,46,628.85,1443.15
1628,Clients réguliers,5,3,4,0,81,2250.36,68.29
1629,À risque,3,2,2,36,29,406.49,20.51
1630,Occasionnels,5,2,2,2,33,460.05,465.95
1631,Occasionnels,4,1,1,8,26,269.89,1.11
1632,Occasionnels,5,2,1,4,29,146.94,2217.06
1633,Occasionnels,5,2,2,1,36,479.6,879.4
1634,Occasionnels,5,2,3,0,51,1170.37,48.1
1635,Occasionnels,5,2,2,0,37,297.97,709.03
1636,Occasionnels,5,2,2,0,38,671.89,461.36
1637,Occasionnels,5,2,3,2,43,1001.93,1006.19
1638,Occasionnels,5,1,1,1,17,187.22,6.78
1639,Occasionnels,4,1,1,26,5,19.92,20.08
1641,Occasionnels,5,2,3,0,43,828.52,210.22
1643,Occasionnels,5,1,2,0,19,392.52,0.48
1644,Occasionnels,5,1,1,0,15,180.03,267.97
1645,Occasionnels,5,2,2,0,43,589.68,68.02
1646,Occasionnels,5,1,1,0,17,209.99,24.01
1647,Occasionnels,5,2,3,1,53,1044.67,5.76
1648,Occasionnels,5,1,2,0,18,293.82,1489.18
1649,Occasionnels,5,1,2,0,22,341.6,2.4
1650,Occasionnels,5,1,1,7,11,155.75,715.25
1651,Occasionnels,5,1,1,4,13,93.63,13.37
1652,Occasionnels,5,2,2,7,32,467.91,15.9
1653,Occasionnels,5,2,3,2,32,759.63,243.36
1654,Occasionnels,4,1,1,10,21,168.39,2308.61
1655,Occasionnels,5,1,1,1,17,90.26,428.74
1656,Occasionnels,5,1,1,4,20,232.47,171.53
1657,Occasionnels,5,1,2,6,25,506.98,575.02
1658,Occasionnels,5,2,3,0,45,735.07,748.6
1660,Occasionnels,5,2,3,0,30,771.72,625.75
1661,Occasionnels,4,1,1,9,19,146.46,95.54
1662,Occasionnels,4,1,1,27,13,103.34,647.66
1663,Épargnants peu actifs,4,1,1,8,12,40.2,5412.8
1664,Occasionnels,5,1,2,1,17,296.89,249.11
1665,Occasionnels,5,2,2,0,34,550.35,742.65
1667,Épargnants peu actifs,5,1,1,3,20,254.19,2881.81
1668,Occasionnels,5,1,1,2,20,277.01,539.99
1669,Occasionnels,5,2,2,0,47,512.19,309.48
1670,Occasionnels,4,1,1,17,8,70.2,7.8
1671,Occasionnels,5,1,2,5,22,365.63,1907.37
1673,Occasionnels,5,2,3,1,40,787.26,666.12
1674,Occasionnels,5,1,1,0,16,177.93,51.07
1675,Occasionnels,5,1,1,2,18,151.91,2.09
1676,Occasionnels,4,1,1,21,10,67.53,1904.47
1677,Occasionnels,5,1,2,3,25,501.47,217.53
1678,Occasionnels,5,2,2,6,41,682.32,11.76
1679,Occasionnels,5,1,2,3,24,352.96,861.04
1680,Occasionnels,5,1,2,1,12,321.33,204.67
1681,Occasionnels,5,2,2,0,41,702.14,723.42
1683,Occasionnels,5,2,2,4,39,557.93,285.64
1684,Occasionnels,5,2,3,0,42,1047.51,804.28
1685,Occasionnels,5,2,2,0,42,563.19,560.35
1686,Épargnants peu actifs,4,1,1,11,23,97.86,6501.14
1687,Occasionnels,5,2,3,1,50,936.77,83.93
1688,Clients réguliers,5,3,4,3,62,1414.77,977.46
1689,Occasionnels,5,2,3,0,42,775.66,60.33
1690,Occasionnels,5,2,3,0,46,1058.32,103.32
1691,Occasionnels,5,2,2,0,36,469.54,365.95
1692,Occasionnels,5,1,1,1,25,262.75,736.52
1693,Occasionnels,5,1,2,2,19,531.62,0.38
1694,Occasionnels,5,2,3,0,44,860.92,760.81
1696,Occasionnels,4,1,1,10,14,74.78,9.22
1697,Occasionnels,5,2,2,0,34,600.24,65.85
1698,Occasionnels,5,2,1,4,28,162.87,1228.13
1699,Occasionnels,4,1,1,13,18,276.92,41.08
1700,Épargnants peu actifs,5,1,1,0,22,150.63,4718.37
1701,Occasionnels,5,1,1,5,21,163.83,187.17
1702,Occasionnels,5,1,1,5,16,163.05,134.95
1703,Occasionnels,5,1,1,0,18,237.98,238.02
1704,Occasionnels,5,2,1,7,39,261.09,597.91
1706,Occasionnels,5,2,3,4,28,749.91,382.09
1707,Occasionnels,5,2,2,1,30,322.19,179.81
1708,Occasionnels,5,2,2,1,35,448.97,1523.23
1709,Épargnants peu actifs,5,1,1,1,19,148.6,5356.4
1710,Clients réguliers,5,3,3,5,64,1098.83,325.64
1711,Occasionnels,5,2,1,0,31,259.68,627.32
1712,Occasionnels,5,1,1,3,8,73.96,55.04
1713,Occasionnels,4,1,1,17,11,69.2,17.8
1714,Occasionnels,5,1,1,5,21,110.98,412.02
1715,Occasionnels,5,2,3,0,42,807.23,898.16
1716,Occasionnels,5,2,2,1,30,289.48,284.52
1717,Occasionnels,5,2,3,4,36,787.02,489.69
1718,Occasionnels,5,2,2,1,48,608.67,437.83
1719,Occasionnels,5,2,1,0,33,127.86,177.14
1720,Occasionnels,5,2,3,4,51,782.16,312.5
1721,Occasionnels,5,2,2,0,33,423.97,234.03
1722,Occasionnels,5,2,3,7,34,733.97,5.24
1723,Occasionnels,5,1,1,2,6,45.06,1656.94
1724,Occasionnels,5,1,2,0,24,288.93,47.07
1725,Occasionnels,5,2,2,2,30,508.11,645.64
1726,Occasionnels,5,2,1,6,32,138.66,569.34
1727,Occasionnels,5,2,2,0,36,590.33,108.51
1728,Occasionnels,5,2,2,0,37,433.84,7.73
1729,Occasionnels,5,1,1,1,23,129.59,1337.41
1730,Occasionnels,5,2,3,0,52,967.62,144.22
1731,Occasionnels,5,1,1,6,20,235.45,702.55
1732,Occasionnels,5,2,3,0,48,818.06,248.34
1733,Occasionnels,5,2,2,1,43,505.13,338.05
1734,Occasionnels,5,1,1,0,14,67.72,4.28
1735,Occasionnels,5,1,1,0,13,132.67,0.33
1736,Occasionnels,5,2,2,6,39,450.82,533.18
1737,Occasionnels,5,2,3,1,42,951.68,17.02
1738,Occasionnels,5,1,1,0,17,218.99,66.01
1739,Occasionnels,5,1,1,2,14,75.11,2.89
1741,Clients réguliers,5,3,3,0,61,1041.95,926.6
1742,Occasionnels,5,1,1,1,27,132.82,774.18
1743,Occasionnels,5,2,2,2,40,438.91,22.42
1744,Occasionnels,5,2,2,2,44,518.44,1339.59
1745,Occasionnels,5,2,3,2,52,901.53,178.95
1746,Occasionnels,5,2,3,0,57,936.38,236.52
1748,Occasionnels,5,1,1,1,19,162.15,1026.85
1750,Occasionnels,5,2,3,0,39,788.96,30.86
1752,Occasionnels,5,2,2,0,39,363.1,1000.42
1753,Occasionnels,5,1,1,0,26,110.5,282.5
1755,Occasionnels,5,1,1,5,17,185.77,200.23
1756,Occasionnels,5,1,1,2,15,80.62,2.38
1758,Occasionnels,5,1,1,1,2,0.0,206.0
1760,Occasionnels,5,1,1,1,8,113.42,483.58
1761,Occasionnels,5,1,1,4,10,60.45,699.55
1763,Occasionnels,5,1,1,1,4,0.0,286.0
1764,Occasionnels,5,1,1,5,2,0.0,56.0
1765,Occasionnels,5,1,1,5,8,45.71,1.29
1766,Occasionnels,5,1,1,2,3,64.24,1.76
1768,Occasionnels,5,1,1,1,19,138.07,184.93
1769,Occasionnels,5,1,1,0,3,37.33,11.67
1770,Occasionnels,5,1,1,3,5,15.78,51.22
1771,Occasionnels,5,1,1,0,11,135.02,10.98
1772,Occasionnels,5,1,1,3,6,25.81,1042.19
1774,Occasionnels,5,1,1,0,10,71.08,15.92
1775,Épargnants peu actifs,5,1,1,1,9,120.55,4173.45
1776,Occasionnels,5,1,1,7,18,283.08,421.92
1777,Occasionnels,5,1,1,4,7,48.07,2.93
1778,Occasionnels,5,1,1,2,12,134.81,6.19
1779,Épargnants peu actifs,5,1,1,0,12,217.41,2916.59
1780,Occasionnels,5,1,1,2,10,0.0,745.0
1781,Occasionnels,5,1,1,1,5,172.94,64.06
1782,Occasionnels,5,1,1,0,2,0.0,159.0
1784,Épargnants peu actifs,5,1,1,4,7,54.24,4106.76
1788,Occasionnels,5,1,1,0,17,190.61,366.39
1789,Occasionnels,5,1,1,4,8,132.59,158.41
1790,Épargnants peu actifs,4,1,1,11,9,28.64,2899.36
1792,Occasionnels,5,1,1,2,6,19.0,176.0
1793,Occasionnels,5,1,1,1,3,12.65,600.35
1794,Occasionnels,5,1,1,1,7,126.35,385.65
1795,Occasionnels,5,1,1,0,7,17.17,282.83
1797,Occasionnels,4,1,1,12,2,0.0,1068.0
1798,Occasionnels,5,1,1,6,11,36.25,0.75
1799,Occasionnels,5,1,1,0,15,108.51,45.49
1800,Occasionnels,5,1,1,2,10,106.62,57.38
1801,Occasionnels,5,1,1,3,10,123.85,8.15
1803,Occasionnels,5,1,1,0,6,71.07,15.93
1805,Occasionnels,5,1,1,1,10,93.71,161.29
1806,Occasionnels,5,1,1,2,3,7.23,127.77
1807,Occasionnels,5,1,2,3,15,286.43,2.57
1809,Occasionnels,5,1,1,0,13,129.54,26.46
1810,Occasionnels,5,1,1,3,9,69.15,280.85
1811,Occasionnels,5,1,1,7,6,78.99,53.01
1812,Occasionnels,5,2,2,0,39,522.64,301.28
1814,Occasionnels,5,1,1,0,8,101.99,252.01
1815,Occasionnels,5,1,1,3,2,0.0,1970.0
1817,Occasionnels,5,1,1,2,2,0.0,54.0
1818,Occasionnels,5,1,1,2,19,62.98,2283.02
1819,Occasionnels,5,1,1,4,4,32.43,125.57
1820,Occasionnels,5,1,1,5,14,147.96,217.04
1821,Occasionnels,5,1,1,0,8,110.43,18.57
1822,Occasionnels,5,1,1,3,13,46.84,171.16
1823,Occasionnels,5,1,1,0,8,112.41,2.59
1824,Occasionnels,5,1,1,7,12,76.39,1.61
1826,Occasionnels,5,1,1,1,18,50.88,8.12
1829,Occasionnels,5,1,1,0,7,21.11,107.89
1830,Occasionnels,5,1,1,7,3,36.07,16.93
1831,Occasionnels,5,1,1,1,12,18.88,7.12
1832,Occasionnels,5,1,1,3,13,86.73,1556.27
1835,Occasionnels,4,1,1,13,4,0.0,469.0
1836,Occasionnels,4,1,1,11,5,99.24,5.76
1838,Occasionnels,5,1,1,2,3,20.37,128.63
1839,Occasionnels,5,1,1,0,12,81.57,218.43
1841,Occasionnels,5,1,1,7,4,0.0,1560.0
1842,Occasionnels,5,1,1,0,7,68.58,79.42
1843,Occasionnels,5,1,1,1,2,0.0,231.0
1844,Occasionnels,5,1,1,5,2,0.0,161.0
1846,Occasionnels,5,1,2,0,22,332.26,0.74
1847,Occasionnels,5,1,1,5,10,255.1,629.9
1848,Occasionnels,5,1,1,1,2,0.0,391.0
1849,Occasionnels,5,1,1,1,2,0.0,208.0
1850,Occasionnels,5,1,1,3,13,62.73,8.27
1851,Occasionnels,5,1,1,1,6,0.0,21.0
1853,Épargnants peu actifs,5,1,1,2,8,43.87,6135.13
1854,Occasionnels,5,1,1,2,16,167.41,3.59
1857,Occasionnels,5,1,1,4,6,0.0,108.0
1859,Occasionnels,5,1,1,1,11,75.44,4.56
1860,Occasionnels,5,1,1,1,7,22.56,505.44
1861,Occasionnels,5,1,1,0,4,88.37,549.63
1862,Occasionnels,5,1,1,0,10,269.68,8.32
1863,Occasionnels,5,1,1,5,13,52.47,9.53
1867,Occasionnels,5,1,1,1,19,164.49,320.51
1869,Occasionnels,5,1,1,3,7,44.27,183.73
1870,Occasionnels,5,1,1,0,2,0.0,108.0
1871,Occasionnels,5,1,1,1,15,196.68,6.32
1872,Occasionnels,5,1,1,2,7,80.8,3.2
1873,Épargnants peu actifs,5,1,1,2,11,181.88,3483.12
1875,Occasionnels,5,1,1,7,2,0.0,395.0
1876,Occasionnels,5,1,1,3,3,39.36,49.64
1877,Occasionnels,4,1,1,12,4,57.36,159.64
1878,Occasionnels,5,1,1,3,10,74.41,6.59
1880,Occasionnels,5,1,1,6,11,27.2,220.8
1881,Occasionnels,5,1,1,1,13,103.07,11.93
